// {"ay_effect":["0.8"],"m_bin":[false],"z_bin":[false],"uz_effect":["NA"],"uw_effect":["NA"],"zmw_effect":["NA"],"sample_sizes":["4000"],"save":[true],"outdir":["results/"],"n_bootstrap":[64],"n_datasets":[1],"n_dgps":[1],"dgp_start":[1],"dataset_start":[26]}
// {"ubeta":[-0.938],"mbeta":[1.0794,-0.0092,0.8705,1.9676],"wbeta":[1.7787,0.6432,0.5165,-1.7529],"abeta":[-1.1761,-1.2938,0.7481,-0.4636],"ybeta":[-0.4799,0.8,1.7388,-1.1514,0.6067,-1.4978],"zbeta":[1.6328,-1.1933,1.5936],"cbeta":[-0.5115,0.2914],"sd_":[1],"true_effect":[0.8077]}
method,estimate,mean,width,coverage
truth,0.807713047049083,0,0,1
backdoor,-0.0797175524332238,-0.0744589711396439,0.252631113925702,1
naive,-0.836700583349139,-0.838372702175526,0.0961278673456812,0
simple,-3.86553368423873,-3.81154302593972,1.14146089503515,0
pfd,0.0204409366367239,0.0718973008847785,0.821282296431096,1
