// {"ay_effect":["0.8"],"m_bin":[false],"z_bin":[false],"uz_effect":["NA"],"uw_effect":["NA"],"zmw_effect":["NA"],"sample_sizes":["4000"],"save":[true],"outdir":["results/"],"n_bootstrap":[64],"n_datasets":[1],"n_dgps":[1],"dgp_start":[2],"dataset_start":[6]}
// {"ubeta":[-1.2605],"mbeta":[-0.3789,1.4142,1.9056,-1.0967],"wbeta":[-1.4834,1.3338,-0.1279,0.1999],"abeta":[0.2107,-1.0444,1.0421,-1.2767],"ybeta":[-0.2208,0.8,0.6476,-0.4498,1.3476,-1.398],"zbeta":[-1.3278,1.7754,1.7739],"cbeta":[0.8095,0.2933],"sd_":[1],"true_effect":[-0.0799]}
method,estimate,mean,width,coverage
truth,-0.079896237262246,0,0,1
backdoor,-0.0778300725309113,-0.0814676359390335,0.283376817769469,1
naive,-0.7415418486125,-0.748679594381701,0.168222891961058,0
simple,-0.731031567677327,-0.710182468463406,0.445629560025698,0
pfd,0.183879757351164,0.199154534470295,0.411027386640685,0
