// {"ay_effect":["0.4"],"m_bin":[false],"z_bin":[false],"uz_effect":["NA"],"uw_effect":["NA"],"zmw_effect":["NA"],"sample_sizes":["4000"],"save":[true],"outdir":["results/"],"n_bootstrap":[64],"n_datasets":[1],"n_dgps":[1],"dgp_start":[2],"dataset_start":[47]}
// {"ubeta":[-1.2605],"mbeta":[-0.3789,1.4142,1.9056,-1.0967],"wbeta":[-1.4834,1.3338,-0.1279,0.1999],"abeta":[0.2107,-1.0444,1.0421,-1.2767],"ybeta":[-0.2208,0.4,0.6476,-0.4498,1.3476,-1.398],"zbeta":[-1.3278,1.7754,1.7739],"cbeta":[0.8095,0.2933],"sd_":[1],"true_effect":[-0.4799]}
method,estimate,mean,width,coverage
truth,-0.479896237262246,0,0,1
backdoor,0.0635483553277899,0.0744345552790411,0.237200609160599,1
naive,-0.356995018011874,-0.362411564745283,0.18548357476085,0
simple,-0.667399941668849,-0.667196875949255,0.369512516378,0
pfd,0.0744064492681399,0.0715237275477869,0.458613229442303,1
