// {"zmw_effect":["0"],"ay_effect":["NA"],"uz_effect":["NA"],"uw_effect":["NA"],"sample_sizes":["4000"],"save":[true],"outdir":["results/"],"n_bootstrap":[64],"n_datasets":[4],"n_dgps":[1],"dgp_start":[4],"dataset_start":[9],"z_bin":[true],"m_bin":[true]}
// {"ubeta":[0.3432],"mbeta":[-0.3376,-0.1796,0,0.336],"wbeta":[0.8976,1.6244,0,-1.7074],"abeta":[1.0187,-0.856,-1.5998,1.8163],"ybeta":[1.8488,1.0468,0.858,1.9865,0.0251,-0.0402],"zbeta":[-0.8905,1.2543,-0.9583],"cbeta":[-1.9642,-0.825],"sd_":[1],"true_effect":[0.9616]}
method,estimate,mean,width,coverage
truth,0.961623867593891,0,0,1
backdoor,0.0295361739683053,0.057765164643226,0.278243731545911,1
naive,-0.977259151810589,-0.972327278194131,0.178523668690215,0
simple,0.0319382252237936,0.0548632946692622,0.433276991927645,1
pfd,0.00966175853931228,0.0143882026782088,0.318359248496739,1
