// {"zmw_effect":["0.2"],"ay_effect":["NA"],"uz_effect":["NA"],"uw_effect":["NA"],"sample_sizes":["4000"],"save":[true],"outdir":["results/"],"n_bootstrap":[64],"n_datasets":[4],"n_dgps":[1],"dgp_start":[4],"dataset_start":[41],"z_bin":[true],"m_bin":[true]}
// {"ubeta":[0.3432],"mbeta":[-0.3376,-0.1796,0.2,0.336],"wbeta":[0.8976,1.6244,0.2,-1.7074],"abeta":[1.0187,-0.856,-1.5998,1.8163],"ybeta":[1.8488,1.0468,0.858,1.9865,0.0251,-0.0402],"zbeta":[-0.8905,1.2543,-0.9583],"cbeta":[-1.9642,-0.825],"sd_":[1],"true_effect":[0.9593]}
method,estimate,mean,width,coverage
truth,0.959255714359658,0,0,1
backdoor,-0.10309821368503,-0.11200101142363,0.316230806656287,1
naive,-1.1009438821009,-1.09814547968212,0.17616259285817,0
simple,-0.0349163069913966,-0.0419408307682099,0.366897816762932,1
pfd,-0.0424612343181735,-0.053180212003564,0.345998093823778,1
