// {"ay_effect":["0"],"m_bin":[false],"z_bin":[false],"uz_effect":["NA"],"uw_effect":["NA"],"zmw_effect":["NA"],"sample_sizes":["4000"],"save":[true],"outdir":["results/"],"n_bootstrap":[64],"n_datasets":[1],"n_dgps":[1],"dgp_start":[4],"dataset_start":[26]}
// {"ubeta":[0.3432],"mbeta":[-0.3376,-0.1796,1.8842,0.336],"wbeta":[0.8976,1.6244,1.7962,-1.7074],"abeta":[1.0187,-0.856,-1.5998,1.8163],"ybeta":[1.8488,0,0.858,1.9865,0.0251,-0.0402],"zbeta":[-0.8905,1.2543,-0.9583],"cbeta":[-1.9642,-0.825],"sd_":[1],"true_effect":[-0.3648]}
method,estimate,mean,width,coverage
truth,-0.364838754352265,0,0,1
backdoor,-0.111345243952208,-0.0904945557727819,0.481193364313622,1
naive,-0.0661909033705624,-0.0364310905921966,0.404593095102859,1
simple,0.375596438968457,0.385050771754496,0.34871288123018,0
pfd,-0.205784074820112,-0.190928288871817,0.443021081591191,1
