// {"ay_effect":["0.2"],"m_bin":[false],"z_bin":[false],"uz_effect":["NA"],"uw_effect":["NA"],"zmw_effect":["NA"],"sample_sizes":["4000"],"save":[true],"outdir":["results/"],"n_bootstrap":[64],"n_datasets":[1],"n_dgps":[1],"dgp_start":[4],"dataset_start":[10]}
// {"ubeta":[0.3432],"mbeta":[-0.3376,-0.1796,1.8842,0.336],"wbeta":[0.8976,1.6244,1.7962,-1.7074],"abeta":[1.0187,-0.856,-1.5998,1.8163],"ybeta":[1.8488,0.2,0.858,1.9865,0.0251,-0.0402],"zbeta":[-0.8905,1.2543,-0.9583],"cbeta":[-1.9642,-0.825],"sd_":[1],"true_effect":[-0.1648]}
method,estimate,mean,width,coverage
truth,-0.164838754352265,0,0,1
backdoor,-0.163528184105628,-0.166127010533412,0.484415934609553,1
naive,-0.370466551490766,-0.384760822825792,0.401481245026586,0
simple,0.465741401714356,0.46242161952418,0.309488590096154,0
pfd,-0.0597756249328732,-0.0750848993411142,0.552164706010592,1
