// {"uw_effect":["0.4"],"m_bin":[false],"z_bin":[false],"ay_effect":["NA"],"zmw_effect":["NA"],"uz_effect":["0.4"],"sample_sizes":["4000"],"save":[true],"n_bootstrap":[64],"n_datasets":[4],"n_dgps":[1],"dgp_start":[2],"dataset_start":[21],"outdir":["results/"]}
// {"ubeta":[-1.2605],"mbeta":[-0.3789,1.4142,1.9056,-1.0967],"wbeta":[-1.4834,0.4,-0.1279,0.1999],"abeta":[0.2107,-1.0444,1.0421,-1.2767],"ybeta":[-0.2208,-1.7001,0.6476,-0.4498,1.3476,-1.398],"zbeta":[-1.3278,0.4,1.7739],"cbeta":[0.8095,0.2933],"sd_":[1],"true_effect":[-2.58]}
method,estimate,mean,width,coverage
truth,-2.57997853842443,0,0,1
backdoor,-0.0229486050168468,-0.0293439024643853,0.241808472649279,1
naive,0.855244062206922,0.851081267180026,0.217212927147533,0
simple,2.42861225610967,2.60443085584192,2.47564877934635,0
pfd,-0.17501547098935,-0.0504421145710632,1.32875491332601,1
