// {"zmw_effect":["0.2"],"m_bin":[false],"z_bin":[false],"ay_effect":["NA"],"uz_effect":["NA"],"uw_effect":["NA"],"sample_sizes":["4000"],"save":[true],"outdir":["results/"],"n_bootstrap":[64],"n_datasets":[4],"n_dgps":[1],"dgp_start":[3],"dataset_start":[45]}
// {"ubeta":[-1.3278],"mbeta":[1.4717,1.3188,0.2,0.8148],"wbeta":[-1.5015,-0.8216,0.2,0.5239],"abeta":[0.0481,0.0201,0.1361,0.229],"ybeta":[1.59,-0.8811,-1.0872,-1.9387,-1.4841,-1.6265],"zbeta":[-0.6891,0.4084,0.4176],"cbeta":[1.2301,-0.4602],"sd_":[1],"true_effect":[-3.8293]}
method,estimate,mean,width,coverage
truth,-3.82931856786701,0,0,1
backdoor,0.10085352195521,0.100203292185921,0.337138177231457,1
naive,0.700146004579693,0.700517538766738,0.325871309290243,0
simple,-0.176030736698688,-0.162921657918819,0.516539838281383,1
pfd,0.119961748638667,0.145317564552824,0.314688956891698,0
