// {"ay_effect":["0.2"],"m_bin":[false],"z_bin":[false],"uz_effect":["NA"],"uw_effect":["NA"],"zmw_effect":["NA"],"sample_sizes":["4000"],"save":[true],"outdir":["results/"],"n_bootstrap":[64],"n_datasets":[1],"n_dgps":[1],"dgp_start":[3],"dataset_start":[43]}
// {"ubeta":[-1.3278],"mbeta":[1.4717,1.3188,-1.5542,0.8148],"wbeta":[-1.5015,-0.8216,0.3104,0.5239],"abeta":[0.0481,0.0201,0.1361,0.229],"ybeta":[1.59,0.2,-1.0872,-1.9387,-1.4841,-1.6265],"zbeta":[-0.6891,0.4084,0.4176],"cbeta":[1.2301,-0.4602],"sd_":[1],"true_effect":[-2.9644]}
method,estimate,mean,width,coverage
truth,-2.96440662767864,0,0,1
backdoor,0.147583453019278,0.142091398890716,0.384910314501781,1
naive,-0.0174862214043956,-0.0272732090962218,0.259866724294373,1
simple,2.11731481244946,2.07132402398771,0.593203889215741,0
pfd,0.135841176496654,0.150656918529255,0.46415853615084,1
