// {"ay_effect":["0.8"],"m_bin":[false],"z_bin":[false],"uz_effect":["NA"],"uw_effect":["NA"],"zmw_effect":["NA"],"sample_sizes":["4000"],"save":[true],"outdir":["results/"],"n_bootstrap":[64],"n_datasets":[1],"n_dgps":[1],"dgp_start":[3],"dataset_start":[60]}
// {"ubeta":[-1.3278],"mbeta":[1.4717,1.3188,-1.5542,0.8148],"wbeta":[-1.5015,-0.8216,0.3104,0.5239],"abeta":[0.0481,0.0201,0.1361,0.229],"ybeta":[1.59,0.8,-1.0872,-1.9387,-1.4841,-1.6265],"zbeta":[-0.6891,0.4084,0.4176],"cbeta":[1.2301,-0.4602],"sd_":[1],"true_effect":[-2.3644]}
method,estimate,mean,width,coverage
truth,-2.36440662767864,0,0,1
backdoor,-0.101594134718693,-0.113572335463036,0.323723466683738,1
naive,-0.577646427414299,-0.579729309055239,0.253056498476262,0
simple,2.23397669853676,2.2685311364572,0.633334551299821,0
pfd,-0.0531238576103235,-0.0467147106003281,0.419119947900933,1
