// {"zmw_effect":["0.2"],"ay_effect":["NA"],"uz_effect":["NA"],"uw_effect":["NA"],"sample_sizes":["4000"],"save":[true],"outdir":["results/"],"n_bootstrap":[64],"n_datasets":[4],"n_dgps":[1],"dgp_start":[4],"dataset_start":[41],"z_bin":[true],"m_bin":[true]}
// {"ubeta":[0.3432],"mbeta":[-0.3376,-0.1796,0.2,0.336],"wbeta":[0.8976,1.6244,0.2,-1.7074],"abeta":[1.0187,-0.856,-1.5998,1.8163],"ybeta":[1.8488,1.0468,0.858,1.9865,0.0251,-0.0402],"zbeta":[-0.8905,1.2543,-0.9583],"cbeta":[-1.9642,-0.825],"sd_":[1],"true_effect":[0.9593]}
method,estimate,mean,width,coverage
truth,0.959255714359658,0,0,1
backdoor,-0.0611011573661737,-0.0483938022370765,0.286053472855427,1
naive,-1.02709082015491,-1.03382361468773,0.17856606856453,0
simple,0.0416338593488067,0.0449570940563168,0.377185982478178,1
pfd,-0.0521629162750554,-0.0320328090955914,0.347126184282275,1
