// {"ay_effect":["0.2"],"m_bin":[false],"z_bin":[false],"uz_effect":["NA"],"uw_effect":["NA"],"zmw_effect":["NA"],"sample_sizes":["4000"],"save":[true],"outdir":["results/"],"n_bootstrap":[64],"n_datasets":[1],"n_dgps":[1],"dgp_start":[2],"dataset_start":[61]}
// {"ubeta":[-1.2605],"mbeta":[-0.3789,1.4142,1.9056,-1.0967],"wbeta":[-1.4834,1.3338,-0.1279,0.1999],"abeta":[0.2107,-1.0444,1.0421,-1.2767],"ybeta":[-0.2208,0.2,0.6476,-0.4498,1.3476,-1.398],"zbeta":[-1.3278,1.7754,1.7739],"cbeta":[0.8095,0.2933],"sd_":[1],"true_effect":[-0.6799]}
method,estimate,mean,width,coverage
truth,-0.679896237262246,0,0,1
backdoor,0.00288677548501737,-0.0176238814813975,0.292035549784081,1
naive,-0.226987301061928,-0.212920820221682,0.189826356531333,0
simple,-0.601499586101448,-0.609780035345382,0.32127912973464,0
pfd,-0.0693848933444112,-0.0558187530268471,0.339324551185951,1
