// {"ay_effect":["0.8"],"m_bin":[false],"z_bin":[false],"uz_effect":["NA"],"uw_effect":["NA"],"zmw_effect":["NA"],"sample_sizes":["4000"],"save":[true],"outdir":["results/"],"n_bootstrap":[64],"n_datasets":[1],"n_dgps":[1],"dgp_start":[1],"dataset_start":[13]}
// {"ubeta":[-0.938],"mbeta":[1.0794,-0.0092,0.8705,1.9676],"wbeta":[1.7787,0.6432,0.5165,-1.7529],"abeta":[-1.1761,-1.2938,0.7481,-0.4636],"ybeta":[-0.4799,0.8,1.7388,-1.1514,0.6067,-1.4978],"zbeta":[1.6328,-1.1933,1.5936],"cbeta":[-0.5115,0.2914],"sd_":[1],"true_effect":[0.8077]}
method,estimate,mean,width,coverage
truth,0.807713047049083,0,0,1
backdoor,0.00961691600852388,0.00508147113612156,0.181014385221122,1
naive,-0.804201060216475,-0.794470000424525,0.131211326214198,0
simple,-3.06771764302391,-3.07250170443798,1.73873927404249,0
pfd,0.0353027061172981,0.113258345288679,1.02633749956185,1
