// {"zmw_effect":["0"],"m_bin":[false],"z_bin":[false],"ay_effect":["NA"],"uz_effect":["NA"],"uw_effect":["NA"],"sample_sizes":["4000"],"save":[true],"outdir":["results/"],"n_bootstrap":[64],"n_datasets":[4],"n_dgps":[1],"dgp_start":[4],"dataset_start":[29]}
// {"ubeta":[0.3432],"mbeta":[-0.3376,-0.1796,0,0.336],"wbeta":[0.8976,1.6244,0,-1.7074],"abeta":[1.0187,-0.856,-1.5998,1.8163],"ybeta":[1.8488,1.0468,0.858,1.9865,0.0251,-0.0402],"zbeta":[-0.8905,1.2543,-0.9583],"cbeta":[-1.9642,-0.825],"sd_":[1],"true_effect":[0.6901]}
method,estimate,mean,width,coverage
truth,0.690062146326129,0,0,1
backdoor,-0.0425903554610327,-0.0622572190933798,0.419176919844967,1
naive,-1.07434881724846,-1.09085469635201,0.393434154820074,0
simple,-0.0389170930149342,-0.0348395631008935,0.545608951974196,1
pfd,0.0129837414510346,0.0222519185564243,0.388618227513247,1
