// {"uw_effect":["0.8"],"m_bin":[false],"z_bin":[false],"ay_effect":["NA"],"zmw_effect":["NA"],"uz_effect":["0.8"],"sample_sizes":["4000"],"save":[true],"n_bootstrap":[64],"n_datasets":[4],"n_dgps":[1],"dgp_start":[4],"dataset_start":[13],"outdir":["results/"]}
// {"ubeta":[0.3432],"mbeta":[-0.3376,-0.1796,1.8842,0.336],"wbeta":[0.8976,0.8,1.7962,-1.7074],"abeta":[1.0187,-0.856,-1.5998,1.8163],"ybeta":[1.8488,1.0468,0.858,1.9865,0.0251,-0.0402],"zbeta":[-0.8905,0.8,-0.9583],"cbeta":[-1.9642,-0.825],"sd_":[1],"true_effect":[0.682]}
method,estimate,mean,width,coverage
truth,0.681970858421094,0,0,1
backdoor,0.176490566794279,0.176844848849568,0.481137303352294,1
naive,-0.854965064818525,-0.83835213722884,0.421969468706996,0
simple,0.321327200737782,0.320134317693684,0.279019033770964,0
pfd,0.050804401239513,0.0599984103731775,0.656371270735215,1
