// {"zmw_effect":["0.8"],"ay_effect":["NA"],"uz_effect":["NA"],"uw_effect":["NA"],"sample_sizes":["4000"],"save":[true],"outdir":["results/"],"n_bootstrap":[64],"n_datasets":[4],"n_dgps":[1],"dgp_start":[3],"dataset_start":[17],"z_bin":[true],"m_bin":[true]}
// {"ubeta":[-1.3278],"mbeta":[1.4717,1.3188,0.8,0.8148],"wbeta":[-1.5015,-0.8216,0.8,0.5239],"abeta":[0.0481,0.0201,0.1361,0.229],"ybeta":[1.59,-0.8811,-1.0872,-1.9387,-1.4841,-1.6265],"zbeta":[-0.6891,0.4084,0.4176],"cbeta":[1.2301,-0.4602],"sd_":[1],"true_effect":[-1.2072]}
method,estimate,mean,width,coverage
truth,-1.20716665036243,0,0,1
backdoor,0.201190402021109,0.201718513972276,0.223197015001502,0
naive,1.08466692979528,1.08779774230832,0.0774798570385644,0
simple,0.204922062554935,0.185765344785506,0.271623006256304,0
pfd,0.181307965152018,0.176078897738895,0.326431026690974,0
