// {"zmw_effect":["0.4"],"m_bin":[false],"z_bin":[false],"ay_effect":["NA"],"uz_effect":["NA"],"uw_effect":["NA"],"sample_sizes":["4000"],"save":[true],"outdir":["results/"],"n_bootstrap":[64],"n_datasets":[4],"n_dgps":[1],"dgp_start":[2],"dataset_start":[41]}
// {"ubeta":[-1.2605],"mbeta":[-0.3789,1.4142,0.4,-1.0967],"wbeta":[-1.4834,1.3338,0.4,0.1999],"abeta":[0.2107,-1.0444,1.0421,-1.2767],"ybeta":[-0.2208,-1.7001,0.6476,-0.4498,1.3476,-1.398],"zbeta":[-1.3278,1.7754,1.7739],"cbeta":[0.8095,0.2933],"sd_":[1],"true_effect":[-1.5739]}
method,estimate,mean,width,coverage
truth,-1.57390672248832,0,0,1
backdoor,0.0541876986173329,0.0746644754066161,0.269547777772057,1
naive,1.29470966993132,1.29401791964777,0.165699190528215,0
simple,-0.913583067018642,-0.916260574338614,0.172187488891226,0
pfd,-0.0332663969953539,-0.0263318909769632,0.36584360037826,1
