// {"zmw_effect":["0.8"],"ay_effect":["NA"],"uz_effect":["NA"],"uw_effect":["NA"],"sample_sizes":["4000"],"save":[true],"outdir":["results/"],"n_bootstrap":[64],"n_datasets":[4],"n_dgps":[1],"dgp_start":[4],"dataset_start":[41],"z_bin":[true],"m_bin":[true]}
// {"ubeta":[0.3432],"mbeta":[-0.3376,-0.1796,0.8,0.336],"wbeta":[0.8976,1.6244,0.8,-1.7074],"abeta":[1.0187,-0.856,-1.5998,1.8163],"ybeta":[1.8488,1.0468,0.858,1.9865,0.0251,-0.0402],"zbeta":[-0.8905,1.2543,-0.9583],"cbeta":[-1.9642,-0.825],"sd_":[1],"true_effect":[0.96]}
method,estimate,mean,width,coverage
truth,0.96004831620211,0,0,1
backdoor,-0.0782312379895592,-0.0897653792273614,0.321345974369659,1
naive,-1.07607106202679,-1.07161766044823,0.187564298846457,0
simple,0.0587903718107693,0.048873907462638,0.360254717626455,1
pfd,-0.0093044479405554,-0.0165590583345208,0.348605612504796,1
