// {"zmw_effect":["0.2"],"ay_effect":["NA"],"uz_effect":["NA"],"uw_effect":["NA"],"sample_sizes":["4000"],"save":[true],"outdir":["results/"],"n_bootstrap":[64],"n_datasets":[4],"n_dgps":[1],"dgp_start":[1],"dataset_start":[5],"z_bin":[true],"m_bin":[true]}
// {"ubeta":[-0.938],"mbeta":[1.0794,-0.0092,0.2,1.9676],"wbeta":[1.7787,0.6432,0.2,-1.7529],"abeta":[-1.1761,-1.2938,0.7481,-0.4636],"ybeta":[-0.4799,1.1098,1.7388,-1.1514,0.6067,-1.4978],"zbeta":[1.6328,-1.1933,1.5936],"cbeta":[-0.5115,0.2914],"sd_":[1],"true_effect":[1.1115]}
method,estimate,mean,width,coverage
truth,1.11145057062033,0,0,1
backdoor,0.0371116640738618,0.0443910181980667,0.198576268685583,1
naive,-1.11383970570284,-1.11449705555707,0.0584527229160709,0
simple,0.00353999408930994,-0.245007294105466,1.2722660895501,1
pfd,-0.284685468591923,-0.293795568091155,0.69428361882279,1
