// {"uw_effect":["0.4"],"m_bin":[false],"z_bin":[false],"ay_effect":["NA"],"zmw_effect":["NA"],"uz_effect":["0.4"],"sample_sizes":["4000"],"save":[true],"n_bootstrap":[64],"n_datasets":[4],"n_dgps":[1],"dgp_start":[3],"dataset_start":[5],"outdir":["results/"]}
// {"ubeta":[-1.3278],"mbeta":[1.4717,1.3188,-1.5542,0.8148],"wbeta":[-1.5015,0.4,0.3104,0.5239],"abeta":[0.0481,0.0201,0.1361,0.229],"ybeta":[1.59,-0.8811,-1.0872,-1.9387,-1.4841,-1.6265],"zbeta":[-0.6891,0.4,0.4176],"cbeta":[1.2301,-0.4602],"sd_":[1],"true_effect":[-4.0455]}
method,estimate,mean,width,coverage
truth,-4.04547641266264,0,0,1
backdoor,0.0443943080388411,0.0402303391063841,0.350345470809997,1
naive,0.682405605800683,0.664180917468549,0.356149168556861,0
simple,3.33549724715121,3.32730339695843,1.07821898390977,0
pfd,-0.166842509332144,-0.136367389553385,0.582468516203925,1
