// {"zmw_effect":["0.8"],"ay_effect":["NA"],"uz_effect":["NA"],"uw_effect":["NA"],"sample_sizes":["4000"],"save":[true],"outdir":["results/"],"n_bootstrap":[64],"n_datasets":[4],"n_dgps":[1],"dgp_start":[1],"dataset_start":[49],"z_bin":[true],"m_bin":[true]}
// {"ubeta":[-0.938],"mbeta":[1.0794,-0.0092,0.8,1.9676],"wbeta":[1.7787,0.6432,0.8,-1.7529],"abeta":[-1.1761,-1.2938,0.7481,-0.4636],"ybeta":[-0.4799,1.1098,1.7388,-1.1514,0.6067,-1.4978],"zbeta":[1.6328,-1.1933,1.5936],"cbeta":[-0.5115,0.2914],"sd_":[1],"true_effect":[1.1106]}
method,estimate,mean,width,coverage
truth,1.11061738738794,0,0,1
backdoor,-0.0205679478705845,-0.0172100350882711,0.164392090930872,1
naive,-1.10090360509068,-1.09897756740931,0.0274095384087609,0
simple,-1.41394838478477,-0.121176273165798,2.71308348465565,1
pfd,-0.219445678185448,-0.205492137512917,0.779797811093517,1
