// {"zmw_effect":["0.4"],"m_bin":[false],"z_bin":[false],"ay_effect":["NA"],"uz_effect":["NA"],"uw_effect":["NA"],"sample_sizes":["4000"],"save":[true],"outdir":["results/"],"n_bootstrap":[64],"n_datasets":[4],"n_dgps":[1],"dgp_start":[1],"dataset_start":[53]}
// {"ubeta":[-0.938],"mbeta":[1.0794,-0.0092,0.4,1.9676],"wbeta":[1.7787,0.6432,0.4,-1.7529],"abeta":[-1.1761,-1.2938,0.7481,-0.4636],"ybeta":[-0.4799,1.1098,1.7388,-1.1514,0.6067,-1.4978],"zbeta":[1.6328,-1.1933,1.5936],"cbeta":[-0.5115,0.2914],"sd_":[1],"true_effect":[1.1181]}
method,estimate,mean,width,coverage
truth,1.11814415768515,0,0,1
backdoor,0.00089785587348068,0.00547455355459081,0.212743965455072,1
naive,-1.05721740088316,-1.05547564913524,0.128641838666413,0
simple,1.87600711140227,-0.193854677899243,3.36492119469138,1
pfd,-0.261405070641561,-0.291270705565657,0.625758978939159,1
