// {"zmw_effect":["0.4"],"ay_effect":["NA"],"uz_effect":["NA"],"uw_effect":["NA"],"sample_sizes":["4000"],"save":[true],"outdir":["results/"],"n_bootstrap":[64],"n_datasets":[4],"n_dgps":[1],"dgp_start":[1],"dataset_start":[57],"z_bin":[true],"m_bin":[true]}
// {"ubeta":[-0.938],"mbeta":[1.0794,-0.0092,0.4,1.9676],"wbeta":[1.7787,0.6432,0.4,-1.7529],"abeta":[-1.1761,-1.2938,0.7481,-0.4636],"ybeta":[-0.4799,1.1098,1.7388,-1.1514,0.6067,-1.4978],"zbeta":[1.6328,-1.1933,1.5936],"cbeta":[-0.5115,0.2914],"sd_":[1],"true_effect":[1.1111]}
method,estimate,mean,width,coverage
truth,1.11113906344869,0,0,1
backdoor,-0.0460463040890131,-0.046654788930268,0.144919844977464,1
naive,-1.12525149288758,-1.12828197143694,0.0454168677565262,0
simple,0.1936823567011,-0.152187809875483,1.52495019660288,1
pfd,-0.0851721144542257,-0.0676998346295876,0.932687629870879,1
