// {"zmw_effect":["0.8"],"m_bin":[false],"z_bin":[false],"ay_effect":["NA"],"uz_effect":["NA"],"uw_effect":["NA"],"sample_sizes":["4000"],"save":[true],"outdir":["results/"],"n_bootstrap":[64],"n_datasets":[1],"n_dgps":[1],"dgp_start":[4],"dataset_start":[2]}
// {"ubeta":[0.3432],"mbeta":[-0.3376,-0.1796,0.8,0.336],"wbeta":[0.8976,1.6244,0.8,-1.7074],"abeta":[1.0187,-0.856,-1.5998,1.8163],"ybeta":[1.8488,1.0468,0.858,1.9865,0.0251,-0.0402],"zbeta":[-0.8905,1.2543,-0.9583],"cbeta":[-1.9642,-0.825],"sd_":[1],"true_effect":[0.6865]}
method,estimate,mean,width,coverage
truth,0.686458332001386,0,0,1
backdoor,-0.18989117627956,-0.181021173479326,0.561181309067577,1
naive,-1.15703814113267,-1.17144085020217,0.356499577665765,0
simple,0.197517188603012,0.213246602697771,0.476587008019345,1
pfd,-0.159967170168015,-0.177802520035744,0.493774414167177,1
