// {"ay_effect":["0.4"],"m_bin":[false],"z_bin":[false],"uz_effect":["NA"],"uw_effect":["NA"],"zmw_effect":["NA"],"sample_sizes":["4000"],"save":[true],"outdir":["results/"],"n_bootstrap":[64],"n_datasets":[1],"n_dgps":[1],"dgp_start":[3],"dataset_start":[18]}
// {"ubeta":[-1.3278],"mbeta":[1.4717,1.3188,-1.5542,0.8148],"wbeta":[-1.5015,-0.8216,0.3104,0.5239],"abeta":[0.0481,0.0201,0.1361,0.229],"ybeta":[1.59,0.4,-1.0872,-1.9387,-1.4841,-1.6265],"zbeta":[-0.6891,0.4084,0.4176],"cbeta":[1.2301,-0.4602],"sd_":[1],"true_effect":[-2.7644]}
method,estimate,mean,width,coverage
truth,-2.76440662767864,0,0,1
backdoor,0.126284661911384,0.131229340659899,0.301629467835091,1
naive,-0.241962228592084,-0.240764315565561,0.316799871336954,0
simple,2.00117417929195,2.02670188239037,0.656528294235466,0
pfd,0.166958322902897,0.209573638304045,0.586978942893394,1
