// {"zmw_effect":["0.2"],"m_bin":[false],"z_bin":[false],"ay_effect":["NA"],"uz_effect":["NA"],"uw_effect":["NA"],"sample_sizes":["4000"],"save":[true],"outdir":["results/"],"n_bootstrap":[64],"n_datasets":[4],"n_dgps":[1],"dgp_start":[1],"dataset_start":[17]}
// {"ubeta":[-0.938],"mbeta":[1.0794,-0.0092,0.2,1.9676],"wbeta":[1.7787,0.6432,0.2,-1.7529],"abeta":[-1.1761,-1.2938,0.7481,-0.4636],"ybeta":[-0.4799,1.1098,1.7388,-1.1514,0.6067,-1.4978],"zbeta":[1.6328,-1.1933,1.5936],"cbeta":[-0.5115,0.2914],"sd_":[1],"true_effect":[1.1193]}
method,estimate,mean,width,coverage
truth,1.11926084446207,0,0,1
backdoor,-0.0406947222279588,-0.0383524826130706,0.266125951375274,1
naive,-1.11420102395154,-1.11547557200334,0.166899002233434,0
simple,0.415046469412461,0.343453633133453,1.06634118696699,1
pfd,-0.0375483547377959,-0.0458945872401015,0.705912560024839,1
