// {"zmw_effect":["0"],"m_bin":[false],"z_bin":[false],"ay_effect":["NA"],"uz_effect":["NA"],"uw_effect":["NA"],"sample_sizes":["4000"],"save":[true],"outdir":["results/"],"n_bootstrap":[64],"n_datasets":[4],"n_dgps":[1],"dgp_start":[1],"dataset_start":[37]}
// {"ubeta":[-0.938],"mbeta":[1.0794,-0.0092,0,1.9676],"wbeta":[1.7787,0.6432,0,-1.7529],"abeta":[-1.1761,-1.2938,0.7481,-0.4636],"ybeta":[-0.4799,1.1098,1.7388,-1.1514,0.6067,-1.4978],"zbeta":[1.6328,-1.1933,1.5936],"cbeta":[-0.5115,0.2914],"sd_":[1],"true_effect":[1.1204]}
method,estimate,mean,width,coverage
truth,1.12037753123899,0,0,1
backdoor,0.0447047661547819,0.0448767850700147,0.22741057209877,1
naive,-1.09462772969297,-1.09029406724672,0.198271287085351,0
simple,-0.0367583353069119,0.00469724554399931,0.582186374715188,1
pfd,-0.0469383426303411,-0.0441451576326464,0.665925039193205,1
