// {"zmw_effect":["0"],"m_bin":[false],"z_bin":[false],"ay_effect":["NA"],"uz_effect":["NA"],"uw_effect":["NA"],"sample_sizes":["4000"],"save":[true],"outdir":["results/"],"n_bootstrap":[64],"n_datasets":[4],"n_dgps":[1],"dgp_start":[1],"dataset_start":[29]}
// {"ubeta":[-0.938],"mbeta":[1.0794,-0.0092,0,1.9676],"wbeta":[1.7787,0.6432,0,-1.7529],"abeta":[-1.1761,-1.2938,0.7481,-0.4636],"ybeta":[-0.4799,1.1098,1.7388,-1.1514,0.6067,-1.4978],"zbeta":[1.6328,-1.1933,1.5936],"cbeta":[-0.5115,0.2914],"sd_":[1],"true_effect":[1.1204]}
method,estimate,mean,width,coverage
truth,1.12037753123899,0,0,1
backdoor,-0.140569120960435,-0.142184130422798,0.223808884038788,0
naive,-1.20213706804605,-1.21712053042586,0.182323185494673,0
simple,0.0742618597802043,0.106670371501572,0.576616523804201,1
pfd,0.233768919925245,0.214936071390179,0.88394510425834,1
