// {"zmw_effect":["0"],"ay_effect":["NA"],"uz_effect":["NA"],"uw_effect":["NA"],"sample_sizes":["4000"],"save":[true],"outdir":["results/"],"n_bootstrap":[64],"n_datasets":[4],"n_dgps":[1],"dgp_start":[2],"dataset_start":[9],"z_bin":[true],"m_bin":[true]}
// {"ubeta":[-1.2605],"mbeta":[-0.3789,1.4142,0,-1.0967],"wbeta":[-1.4834,1.3338,0,0.1999],"abeta":[0.2107,-1.0444,1.0421,-1.2767],"ybeta":[-0.2208,-1.7001,0.6476,-0.4498,1.3476,-1.398],"zbeta":[-1.3278,1.7754,1.7739],"cbeta":[0.8095,0.2933],"sd_":[1],"true_effect":[-1.8492]}
method,estimate,mean,width,coverage
truth,-1.84921289141196,0,0,1
backdoor,-0.00811470970257733,-0.0155850935153605,0.218620058934485,1
naive,1.5150437470613,1.5165693151653,0.145005386207217,0
simple,-0.0184457264402251,-0.0239566135221252,0.239480442749989,1
pfd,0.0359591271328339,0.042077749211632,0.256490235158766,1
