// {"zmw_effect":["0.4"],"m_bin":[false],"z_bin":[false],"ay_effect":["NA"],"uz_effect":["NA"],"uw_effect":["NA"],"sample_sizes":["4000"],"save":[true],"outdir":["results/"],"n_bootstrap":[64],"n_datasets":[4],"n_dgps":[1],"dgp_start":[1],"dataset_start":[5]}
// {"ubeta":[-0.938],"mbeta":[1.0794,-0.0092,0.4,1.9676],"wbeta":[1.7787,0.6432,0.4,-1.7529],"abeta":[-1.1761,-1.2938,0.7481,-0.4636],"ybeta":[-0.4799,1.1098,1.7388,-1.1514,0.6067,-1.4978],"zbeta":[1.6328,-1.1933,1.5936],"cbeta":[-0.5115,0.2914],"sd_":[1],"true_effect":[1.1181]}
method,estimate,mean,width,coverage
truth,1.11814415768515,0,0,1
backdoor,0.0966050952371922,0.0987342327021459,0.266093117861073,1
naive,-1.07206459772274,-1.07679514165471,0.116509933468231,0
simple,0.81697968223379,1.65590387676987,7.80271573377882,1
pfd,0.246891072441669,0.325417981618011,0.812540819081069,1
