// {"ay_effect":["0.4"],"m_bin":[false],"z_bin":[false],"uz_effect":["NA"],"uw_effect":["NA"],"zmw_effect":["NA"],"sample_sizes":["4000"],"save":[true],"outdir":["results/"],"n_bootstrap":[64],"n_datasets":[1],"n_dgps":[1],"dgp_start":[2],"dataset_start":[19]}
// {"ubeta":[-1.2605],"mbeta":[-0.3789,1.4142,1.9056,-1.0967],"wbeta":[-1.4834,1.3338,-0.1279,0.1999],"abeta":[0.2107,-1.0444,1.0421,-1.2767],"ybeta":[-0.2208,0.4,0.6476,-0.4498,1.3476,-1.398],"zbeta":[-1.3278,1.7754,1.7739],"cbeta":[0.8095,0.2933],"sd_":[1],"true_effect":[-0.4799]}
method,estimate,mean,width,coverage
truth,-0.479896237262246,0,0,1
backdoor,0.158913556175035,0.166246497735623,0.353216517343892,1
naive,-0.385048380744878,-0.393188368048176,0.195876954385095,0
simple,-0.524469628063776,-0.518288619023202,0.397426861135641,0
pfd,0.0517453995391907,0.0701488234386571,0.497275863770838,1
