// {"zmw_effect":["0.2"],"ay_effect":["NA"],"uz_effect":["NA"],"uw_effect":["NA"],"sample_sizes":["4000"],"save":[true],"outdir":["results/"],"n_bootstrap":[64],"n_datasets":[4],"n_dgps":[1],"dgp_start":[3],"dataset_start":[57],"z_bin":[true],"m_bin":[true]}
// {"ubeta":[-1.3278],"mbeta":[1.4717,1.3188,0.2,0.8148],"wbeta":[-1.5015,-0.8216,0.2,0.5239],"abeta":[0.0481,0.0201,0.1361,0.229],"ybeta":[1.59,-0.8811,-1.0872,-1.9387,-1.4841,-1.6265],"zbeta":[-0.6891,0.4084,0.4176],"cbeta":[1.2301,-0.4602],"sd_":[1],"true_effect":[-1.1528]}
method,estimate,mean,width,coverage
truth,-1.15279628742777,0,0,1
backdoor,0.188652762096867,0.181706799692068,0.202211268507455,0
naive,1.05128982363767,1.04939144972303,0.0586731110037842,0
simple,0.181095112862129,0.191322444799978,0.177601416985455,0
pfd,0.1825859530526,0.195406879723182,0.312921036161223,0
