// {"uw_effect":["0.8"],"m_bin":[false],"z_bin":[false],"ay_effect":["NA"],"zmw_effect":["NA"],"uz_effect":["0.8"],"sample_sizes":["4000"],"save":[true],"n_bootstrap":[64],"n_datasets":[4],"n_dgps":[1],"dgp_start":[3],"dataset_start":[17],"outdir":["results/"]}
// {"ubeta":[-1.3278],"mbeta":[1.4717,1.3188,-1.5542,0.8148],"wbeta":[-1.5015,0.8,0.3104,0.5239],"abeta":[0.0481,0.0201,0.1361,0.229],"ybeta":[1.59,-0.8811,-1.0872,-1.9387,-1.4841,-1.6265],"zbeta":[-0.6891,0.8,0.4176],"cbeta":[1.2301,-0.4602],"sd_":[1],"true_effect":[-4.0455]}
method,estimate,mean,width,coverage
truth,-4.04547641266264,0,0,1
backdoor,-0.0278347172863862,-0.0251172342619457,0.359449940235344,1
naive,0.542259331915152,0.555731624125765,0.375689118788145,0
simple,7.02157906076774,7.29596271541909,4.51256380776361,0
pfd,-0.245629558999131,-0.277306934513867,0.519054423220207,0
