// {"zmw_effect":["0.8"],"ay_effect":["NA"],"uz_effect":["NA"],"uw_effect":["NA"],"sample_sizes":["4000"],"save":[true],"outdir":["results/"],"n_bootstrap":[64],"n_datasets":[4],"n_dgps":[1],"dgp_start":[1],"dataset_start":[41],"z_bin":[true],"m_bin":[true]}
// {"ubeta":[-0.938],"mbeta":[1.0794,-0.0092,0.8,1.9676],"wbeta":[1.7787,0.6432,0.8,-1.7529],"abeta":[-1.1761,-1.2938,0.7481,-0.4636],"ybeta":[-0.4799,1.1098,1.7388,-1.1514,0.6067,-1.4978],"zbeta":[1.6328,-1.1933,1.5936],"cbeta":[-0.5115,0.2914],"sd_":[1],"true_effect":[1.1106]}
method,estimate,mean,width,coverage
truth,1.11061738738794,0,0,1
backdoor,-0.059025912114125,-0.0586833394917496,0.159971970166481,1
naive,-1.12097137360534,-1.12154169791711,0.0317932240286339,0
simple,0.364659924521543,0.402456174869877,2.36023305761675,1
pfd,-0.139038663725185,-0.125920167133295,1.10910684860015,1
