// {"zmw_effect":["0"],"m_bin":[false],"z_bin":[false],"ay_effect":["NA"],"uz_effect":["NA"],"uw_effect":["NA"],"sample_sizes":["4000"],"save":[true],"outdir":["results/"],"n_bootstrap":[64],"n_datasets":[4],"n_dgps":[1],"dgp_start":[1],"dataset_start":[17]}
// {"ubeta":[-0.938],"mbeta":[1.0794,-0.0092,0,1.9676],"wbeta":[1.7787,0.6432,0,-1.7529],"abeta":[-1.1761,-1.2938,0.7481,-0.4636],"ybeta":[-0.4799,1.1098,1.7388,-1.1514,0.6067,-1.4978],"zbeta":[1.6328,-1.1933,1.5936],"cbeta":[-0.5115,0.2914],"sd_":[1],"true_effect":[1.1204]}
method,estimate,mean,width,coverage
truth,1.12037753123899,0,0,1
backdoor,0.0342443643814778,0.0163649315334005,0.234700702127731,1
naive,-1.04394912473668,-1.04529525358614,0.165537035089197,0
simple,0.169718429084234,0.271618249803288,0.671406300193921,1
pfd,0.375434970506602,0.380132233231561,0.828486846321823,1
