// {"zmw_effect":["0.4"],"m_bin":[false],"z_bin":[false],"ay_effect":["NA"],"uz_effect":["NA"],"uw_effect":["NA"],"sample_sizes":["4000"],"save":[true],"outdir":["results/"],"n_bootstrap":[64],"n_datasets":[4],"n_dgps":[1],"dgp_start":[4],"dataset_start":[57]}
// {"ubeta":[0.3432],"mbeta":[-0.3376,-0.1796,0.4,0.336],"wbeta":[0.8976,1.6244,0.4,-1.7074],"abeta":[1.0187,-0.856,-1.5998,1.8163],"ybeta":[1.8488,1.0468,0.858,1.9865,0.0251,-0.0402],"zbeta":[-0.8905,1.2543,-0.9583],"cbeta":[-1.9642,-0.825],"sd_":[1],"true_effect":[0.6883]}
method,estimate,mean,width,coverage
truth,0.688260239163757,0,0,1
backdoor,-0.0695393541786491,-0.0299995991424988,0.449275615379461,1
naive,-1.03160009948533,-1.05441221267851,0.349183435679844,0
simple,0.290900032198472,0.276966792163193,0.548544393082513,1
pfd,-0.0324433988481003,-0.0256931219912071,0.490988855032141,1
