// {"uw_effect":["0"],"m_bin":[false],"z_bin":[false],"ay_effect":["NA"],"zmw_effect":["NA"],"uz_effect":["0"],"sample_sizes":["4000"],"save":[true],"n_bootstrap":[64],"n_datasets":[4],"n_dgps":[1],"dgp_start":[1],"dataset_start":[17],"outdir":["results/"]}
// {"ubeta":[-0.938],"mbeta":[1.0794,-0.0092,0.8705,1.9676],"wbeta":[1.7787,0,0.5165,-1.7529],"abeta":[-1.1761,-1.2938,0.7481,-0.4636],"ybeta":[-0.4799,1.1098,1.7388,-1.1514,0.6067,-1.4978],"zbeta":[1.6328,0,1.5936],"cbeta":[-0.5115,0.2914],"sd_":[1],"true_effect":[1.1175]}
method,estimate,mean,width,coverage
truth,1.11749393232826,0,0,1
backdoor,0.0914552252135798,0.0914953723894112,0.200393219753805,1
naive,-1.12720365400791,-1.12542338911212,0.103355801696062,0
simple,-1.55121854536608,-1.56898989184852,0.34493626483731,0
pfd,-0.426127693085073,-1.29546214901205,5.3053004277415,1
