// {"zmw_effect":["0.4"],"ay_effect":["NA"],"uz_effect":["NA"],"uw_effect":["NA"],"sample_sizes":["4000"],"save":[true],"outdir":["results/"],"n_bootstrap":[64],"n_datasets":[4],"n_dgps":[1],"dgp_start":[4],"dataset_start":[13],"z_bin":[true],"m_bin":[true]}
// {"ubeta":[0.3432],"mbeta":[-0.3376,-0.1796,0.4,0.336],"wbeta":[0.8976,1.6244,0.4,-1.7074],"abeta":[1.0187,-0.856,-1.5998,1.8163],"ybeta":[1.8488,1.0468,0.858,1.9865,0.0251,-0.0402],"zbeta":[-0.8905,1.2543,-0.9583],"cbeta":[-1.9642,-0.825],"sd_":[1],"true_effect":[0.9582]}
method,estimate,mean,width,coverage
truth,0.958169856178443,0,0,1
backdoor,0.00534769012716152,0.00169927312255158,0.288815955551877,1
naive,-1.07633750051027,-1.07691424707642,0.186422537912651,0
simple,-0.0403703348425674,-0.0365618801000901,0.259353169773809,1
pfd,-0.144193739571015,-0.104217721183075,0.279249527337716,1
