// {"zmw_effect":["0.4"],"m_bin":[false],"z_bin":[false],"ay_effect":["NA"],"uz_effect":["NA"],"uw_effect":["NA"],"sample_sizes":["4000"],"save":[true],"outdir":["results/"],"n_bootstrap":[64],"n_datasets":[4],"n_dgps":[1],"dgp_start":[3],"dataset_start":[37]}
// {"ubeta":[-1.3278],"mbeta":[1.4717,1.3188,0.4,0.8148],"wbeta":[-1.5015,-0.8216,0.4,0.5239],"abeta":[0.0481,0.0201,0.1361,0.229],"ybeta":[1.59,-0.8811,-1.0872,-1.9387,-1.4841,-1.6265],"zbeta":[-0.6891,0.4084,0.4176],"cbeta":[1.2301,-0.4602],"sd_":[1],"true_effect":[-4.2208]}
method,estimate,mean,width,coverage
truth,-4.22076818549332,0,0,1
backdoor,-0.0773062521633827,-0.0960133722734415,0.365104842465914,1
naive,0.473670278248389,0.474143334438023,0.397886592271113,0
simple,-5.18111249899855,-5.38060764803554,5.91661327638639,0
pfd,-0.108385400870582,-0.102346323992931,0.378723985740728,1
