// {"zmw_effect":["0.8"],"m_bin":[false],"z_bin":[false],"ay_effect":["NA"],"uz_effect":["NA"],"uw_effect":["NA"],"sample_sizes":["4000"],"save":[true],"outdir":["results/"],"n_bootstrap":[64],"n_datasets":[4],"n_dgps":[1],"dgp_start":[2],"dataset_start":[41]}
// {"ubeta":[-1.2605],"mbeta":[-0.3789,1.4142,0.8,-1.0967],"wbeta":[-1.4834,1.3338,0.8,0.1999],"abeta":[0.2107,-1.0444,1.0421,-1.2767],"ybeta":[-0.2208,-1.7001,0.6476,-0.4498,1.3476,-1.398],"zbeta":[-1.3278,1.7754,1.7739],"cbeta":[0.8095,0.2933],"sd_":[1],"true_effect":[-0.8116]}
method,estimate,mean,width,coverage
truth,-0.811624179784357,0,0,1
backdoor,0.0872819291111981,0.0935314218334884,0.293927256111373,1
naive,1.27991108133464,1.2845300595523,0.130978721725237,0
simple,-1.56938301054096,-1.57198913143361,0.2118440105505,0
pfd,0.146227789306152,0.166246220384799,0.400248014636211,1
