// {"zmw_effect":["0.4"],"m_bin":[false],"z_bin":[false],"ay_effect":["NA"],"uz_effect":["NA"],"uw_effect":["NA"],"sample_sizes":["4000"],"save":[true],"outdir":["results/"],"n_bootstrap":[64],"n_datasets":[4],"n_dgps":[1],"dgp_start":[4],"dataset_start":[21]}
// {"ubeta":[0.3432],"mbeta":[-0.3376,-0.1796,0.4,0.336],"wbeta":[0.8976,1.6244,0.4,-1.7074],"abeta":[1.0187,-0.856,-1.5998,1.8163],"ybeta":[1.8488,1.0468,0.858,1.9865,0.0251,-0.0402],"zbeta":[-0.8905,1.2543,-0.9583],"cbeta":[-1.9642,-0.825],"sd_":[1],"true_effect":[0.6883]}
method,estimate,mean,width,coverage
truth,0.688260239163757,0,0,1
backdoor,0.241001761276616,0.252511551669011,0.439893580833078,0
naive,-0.747971693044379,-0.734224044196955,0.390507646721288,0
simple,0.448324790623821,0.435038573311178,0.512492270498334,0
pfd,0.215812360266576,0.233381232604059,0.495728367724895,1
