// {"uw_effect":["0.2"],"m_bin":[false],"z_bin":[false],"ay_effect":["NA"],"zmw_effect":["NA"],"uz_effect":["0.2"],"sample_sizes":["4000"],"save":[true],"n_bootstrap":[64],"n_datasets":[4],"n_dgps":[1],"dgp_start":[1],"dataset_start":[49],"outdir":["results/"]}
// {"ubeta":[-0.938],"mbeta":[1.0794,-0.0092,0.8705,1.9676],"wbeta":[1.7787,0.2,0.5165,-1.7529],"abeta":[-1.1761,-1.2938,0.7481,-0.4636],"ybeta":[-0.4799,1.1098,1.7388,-1.1514,0.6067,-1.4978],"zbeta":[1.6328,0.2,1.5936],"cbeta":[-0.5115,0.2914],"sd_":[1],"true_effect":[1.1175]}
method,estimate,mean,width,coverage
truth,1.11749393232826,0,0,1
backdoor,-0.0432287799893141,-0.0550659180011113,0.22714959227249,1
naive,-1.1022128470364,-1.1078252485096,0.0867859316216926,0
simple,-1.79823490568813,-1.79341750388375,0.283879763232439,0
pfd,0.266841738689501,-0.480954296155858,9.06513606792686,1
