// {"zmw_effect":["0.4"],"ay_effect":["NA"],"uz_effect":["NA"],"uw_effect":["NA"],"sample_sizes":["4000"],"save":[true],"outdir":["results/"],"n_bootstrap":[64],"n_datasets":[4],"n_dgps":[1],"dgp_start":[4],"dataset_start":[53],"z_bin":[true],"m_bin":[true]}
// {"ubeta":[0.3432],"mbeta":[-0.3376,-0.1796,0.4,0.336],"wbeta":[0.8976,1.6244,0.4,-1.7074],"abeta":[1.0187,-0.856,-1.5998,1.8163],"ybeta":[1.8488,1.0468,0.858,1.9865,0.0251,-0.0402],"zbeta":[-0.8905,1.2543,-0.9583],"cbeta":[-1.9642,-0.825],"sd_":[1],"true_effect":[0.9582]}
method,estimate,mean,width,coverage
truth,0.958169856178443,0,0,1
backdoor,-0.139357826416612,-0.158958306023054,0.250607539591707,0
naive,-1.09907957308705,-1.09874336492443,0.19934714370448,0
simple,-0.0927840693842386,-0.0829801191051244,0.386161600192668,1
pfd,-0.173791384851189,-0.155945734058544,0.318183645019327,0
