// {"ay_effect":["0.8"],"m_bin":[false],"z_bin":[false],"uz_effect":["NA"],"uw_effect":["NA"],"zmw_effect":["NA"],"sample_sizes":["4000"],"save":[true],"outdir":["results/"],"n_bootstrap":[64],"n_datasets":[1],"n_dgps":[1],"dgp_start":[1],"dataset_start":[33]}
// {"ubeta":[-0.938],"mbeta":[1.0794,-0.0092,0.8705,1.9676],"wbeta":[1.7787,0.6432,0.5165,-1.7529],"abeta":[-1.1761,-1.2938,0.7481,-0.4636],"ybeta":[-0.4799,0.8,1.7388,-1.1514,0.6067,-1.4978],"zbeta":[1.6328,-1.1933,1.5936],"cbeta":[-0.5115,0.2914],"sd_":[1],"true_effect":[0.8077]}
method,estimate,mean,width,coverage
truth,0.807713047049083,0,0,1
backdoor,-0.0410013482459017,-0.0420998859742175,0.23529747055788,1
naive,-0.796691847222329,-0.793729464005909,0.126107463302464,0
simple,-3.93858699741571,-3.9020485750696,1.71455312056319,0
pfd,0.328641959311004,0.31197601958772,1.11350257189751,1
