// {"zmw_effect":["0.4"],"ay_effect":["NA"],"uz_effect":["NA"],"uw_effect":["NA"],"sample_sizes":["4000"],"save":[true],"outdir":["results/"],"n_bootstrap":[64],"n_datasets":[4],"n_dgps":[1],"dgp_start":[2],"dataset_start":[41],"z_bin":[true],"m_bin":[true]}
// {"ubeta":[-1.2605],"mbeta":[-0.3789,1.4142,0.4,-1.0967],"wbeta":[-1.4834,1.3338,0.4,0.1999],"abeta":[0.2107,-1.0444,1.0421,-1.2767],"ybeta":[-0.2208,-1.7001,0.6476,-0.4498,1.3476,-1.398],"zbeta":[-1.3278,1.7754,1.7739],"cbeta":[0.8095,0.2933],"sd_":[1],"true_effect":[-1.671]}
method,estimate,mean,width,coverage
truth,-1.67097270375837,0,0,1
backdoor,-0.0258864943727228,-0.0247249469929192,0.245487676896822,1
naive,1.49553865023732,1.50007380458244,0.138269362839196,0
simple,-0.256396087155108,-0.269157007196725,0.202876770764084,0
pfd,-0.0581436110305948,-0.0589561080081085,0.288086781711736,1
