// {"zmw_effect":["0"],"ay_effect":["NA"],"uz_effect":["NA"],"uw_effect":["NA"],"sample_sizes":["4000"],"save":[true],"outdir":["results/"],"n_bootstrap":[64],"n_datasets":[4],"n_dgps":[1],"dgp_start":[2],"dataset_start":[21],"z_bin":[true],"m_bin":[true]}
// {"ubeta":[-1.2605],"mbeta":[-0.3789,1.4142,0,-1.0967],"wbeta":[-1.4834,1.3338,0,0.1999],"abeta":[0.2107,-1.0444,1.0421,-1.2767],"ybeta":[-0.2208,-1.7001,0.6476,-0.4498,1.3476,-1.398],"zbeta":[-1.3278,1.7754,1.7739],"cbeta":[0.8095,0.2933],"sd_":[1],"true_effect":[-1.8492]}
method,estimate,mean,width,coverage
truth,-1.84921289141196,0,0,1
backdoor,-0.0359886172126445,-0.0356650150465503,0.216023272370877,1
naive,1.48550274999969,1.47736808212003,0.177510050205936,0
simple,0.0136965778937137,0.021157367596534,0.231313323165025,1
pfd,0.0598054129146843,0.070595857336357,0.320884518070201,1
