// {"ay_effect":["0.8"],"m_bin":[false],"z_bin":[false],"uz_effect":["NA"],"uw_effect":["NA"],"zmw_effect":["NA"],"sample_sizes":["4000"],"save":[true],"outdir":["results/"],"n_bootstrap":[64],"n_datasets":[1],"n_dgps":[1],"dgp_start":[4],"dataset_start":[63]}
// {"ubeta":[0.3432],"mbeta":[-0.3376,-0.1796,1.8842,0.336],"wbeta":[0.8976,1.6244,1.7962,-1.7074],"abeta":[1.0187,-0.856,-1.5998,1.8163],"ybeta":[1.8488,0.8,0.858,1.9865,0.0251,-0.0402],"zbeta":[-0.8905,1.2543,-0.9583],"cbeta":[-1.9642,-0.825],"sd_":[1],"true_effect":[0.4352]}
method,estimate,mean,width,coverage
truth,0.435161245647735,0,0,1
backdoor,0.0751051004971863,0.0593907689658278,0.47360420196804,1
naive,-0.668199609130799,-0.667951731806285,0.424740013608227,0
simple,0.43541275787756,0.422343693109146,0.280564142148407,0
pfd,0.101907759442519,0.115376448246167,0.493431783765352,1
