// {"zmw_effect":["0.2"],"ay_effect":["NA"],"uz_effect":["NA"],"uw_effect":["NA"],"sample_sizes":["4000"],"save":[true],"outdir":["results/"],"n_bootstrap":[64],"n_datasets":[4],"n_dgps":[1],"dgp_start":[3],"dataset_start":[49],"z_bin":[true],"m_bin":[true]}
// {"ubeta":[-1.3278],"mbeta":[1.4717,1.3188,0.2,0.8148],"wbeta":[-1.5015,-0.8216,0.2,0.5239],"abeta":[0.0481,0.0201,0.1361,0.229],"ybeta":[1.59,-0.8811,-1.0872,-1.9387,-1.4841,-1.6265],"zbeta":[-0.6891,0.4084,0.4176],"cbeta":[1.2301,-0.4602],"sd_":[1],"true_effect":[-1.1528]}
method,estimate,mean,width,coverage
truth,-1.15279628742777,0,0,1
backdoor,0.139663292969195,0.130997520621765,0.201432488243491,0
naive,1.03983482783494,1.03955218421446,0.0712980622623259,0
simple,0.134681461976642,0.120295185038791,0.210776828560807,0
pfd,0.145947980722951,0.165849982057336,0.334432199545618,0
