// {"zmw_effect":["0"],"ay_effect":["NA"],"uz_effect":["NA"],"uw_effect":["NA"],"sample_sizes":["4000"],"save":[true],"outdir":["results/"],"n_bootstrap":[64],"n_datasets":[4],"n_dgps":[1],"dgp_start":[2],"dataset_start":[49],"z_bin":[true],"m_bin":[true]}
// {"ubeta":[-1.2605],"mbeta":[-0.3789,1.4142,0,-1.0967],"wbeta":[-1.4834,1.3338,0,0.1999],"abeta":[0.2107,-1.0444,1.0421,-1.2767],"ybeta":[-0.2208,-1.7001,0.6476,-0.4498,1.3476,-1.398],"zbeta":[-1.3278,1.7754,1.7739],"cbeta":[0.8095,0.2933],"sd_":[1],"true_effect":[-1.8492]}
method,estimate,mean,width,coverage
truth,-1.84921289141196,0,0,1
backdoor,0.0303696499429307,0.0278763523826542,0.223753947883202,1
naive,1.49999546464473,1.49854919193221,0.167680222847089,0
simple,-0.0250753837075779,-0.0318920427431419,0.198829062464686,1
pfd,-0.0534216560739036,-0.0479456752740772,0.213069075125868,1
