// {"zmw_effect":["0.4"],"ay_effect":["NA"],"uz_effect":["NA"],"uw_effect":["NA"],"sample_sizes":["4000"],"save":[true],"outdir":["results/"],"n_bootstrap":[64],"n_datasets":[4],"n_dgps":[1],"dgp_start":[1],"dataset_start":[13],"z_bin":[true],"m_bin":[true]}
// {"ubeta":[-0.938],"mbeta":[1.0794,-0.0092,0.4,1.9676],"wbeta":[1.7787,0.6432,0.4,-1.7529],"abeta":[-1.1761,-1.2938,0.7481,-0.4636],"ybeta":[-0.4799,1.1098,1.7388,-1.1514,0.6067,-1.4978],"zbeta":[1.6328,-1.1933,1.5936],"cbeta":[-0.5115,0.2914],"sd_":[1],"true_effect":[1.1111]}
method,estimate,mean,width,coverage
truth,1.11113906344869,0,0,1
backdoor,-0.00991484016351563,-0.00765641629810809,0.184997237677846,1
naive,-1.13045947941871,-1.13278368091259,0.0642663530348849,0
simple,-0.0452727947876317,-0.14799537579006,1.49346689491854,1
pfd,-0.386754174609276,-0.391426512042768,0.622012915784818,0
