// {"zmw_effect":["0.2"],"ay_effect":["NA"],"uz_effect":["NA"],"uw_effect":["NA"],"sample_sizes":["4000"],"save":[true],"outdir":["results/"],"n_bootstrap":[64],"n_datasets":[4],"n_dgps":[1],"dgp_start":[2],"dataset_start":[13],"z_bin":[true],"m_bin":[true]}
// {"ubeta":[-1.2605],"mbeta":[-0.3789,1.4142,0.2,-1.0967],"wbeta":[-1.4834,1.3338,0.2,0.1999],"abeta":[0.2107,-1.0444,1.0421,-1.2767],"ybeta":[-0.2208,-1.7001,0.6476,-0.4498,1.3476,-1.398],"zbeta":[-1.3278,1.7754,1.7739],"cbeta":[0.8095,0.2933],"sd_":[1],"true_effect":[-1.7595]}
method,estimate,mean,width,coverage
truth,-1.75945783841273,0,0,1
backdoor,-0.0608886583252199,-0.052081347510794,0.237817331874141,1
naive,1.40481625279116,1.41195855280707,0.192434189132167,0
simple,-0.051210973279042,-0.0521143977662455,0.184609389557376,1
pfd,-0.0118910091877522,-0.0118967524876297,0.274293928558962,1
