// {"zmw_effect":["0"],"m_bin":[false],"z_bin":[false],"ay_effect":["NA"],"uz_effect":["NA"],"uw_effect":["NA"],"sample_sizes":["4000"],"save":[true],"outdir":["results/"],"n_bootstrap":[64],"n_datasets":[4],"n_dgps":[1],"dgp_start":[3],"dataset_start":[33]}
// {"ubeta":[-1.3278],"mbeta":[1.4717,1.3188,0,0.8148],"wbeta":[-1.5015,-0.8216,0,0.5239],"abeta":[0.0481,0.0201,0.1361,0.229],"ybeta":[1.59,-0.8811,-1.0872,-1.9387,-1.4841,-1.6265],"zbeta":[-0.6891,0.4084,0.4176],"cbeta":[1.2301,-0.4602],"sd_":[1],"true_effect":[-3.4379]}
method,estimate,mean,width,coverage
truth,-3.4378689502407,0,0,1
backdoor,-0.0148464240908073,-0.0322332310437217,0.309437745673088,1
naive,0.600166757674084,0.612946004862947,0.304751707192253,0
simple,-0.0160454642786418,-0.0258238026570528,0.326510540658383,1
pfd,-0.00381760177778423,-0.00724534830791868,0.310338458456335,1
