// {"ay_effect":["0.2"],"m_bin":[false],"z_bin":[false],"uz_effect":["NA"],"uw_effect":["NA"],"zmw_effect":["NA"],"sample_sizes":["4000"],"save":[true],"outdir":["results/"],"n_bootstrap":[64],"n_datasets":[1],"n_dgps":[1],"dgp_start":[2],"dataset_start":[3]}
// {"ubeta":[-1.2605],"mbeta":[-0.3789,1.4142,1.9056,-1.0967],"wbeta":[-1.4834,1.3338,-0.1279,0.1999],"abeta":[0.2107,-1.0444,1.0421,-1.2767],"ybeta":[-0.2208,0.2,0.6476,-0.4498,1.3476,-1.398],"zbeta":[-1.3278,1.7754,1.7739],"cbeta":[0.8095,0.2933],"sd_":[1],"true_effect":[-0.6799]}
method,estimate,mean,width,coverage
truth,-0.679896237262246,0,0,1
backdoor,0.0782745174730789,0.0909045664873104,0.314143659564485,1
naive,-0.199290500867877,-0.19685199012532,0.164210578001324,0
simple,-0.634224063008234,-0.648405932859559,0.308507499386317,0
pfd,0.24836653975542,0.221531143808301,0.611783731992737,1
