// {"zmw_effect":["0.4"],"ay_effect":["NA"],"uz_effect":["NA"],"uw_effect":["NA"],"sample_sizes":["4000"],"save":[true],"outdir":["results/"],"n_bootstrap":[64],"n_datasets":[4],"n_dgps":[1],"dgp_start":[4],"dataset_start":[61],"z_bin":[true],"m_bin":[true]}
// {"ubeta":[0.3432],"mbeta":[-0.3376,-0.1796,0.4,0.336],"wbeta":[0.8976,1.6244,0.4,-1.7074],"abeta":[1.0187,-0.856,-1.5998,1.8163],"ybeta":[1.8488,1.0468,0.858,1.9865,0.0251,-0.0402],"zbeta":[-0.8905,1.2543,-0.9583],"cbeta":[-1.9642,-0.825],"sd_":[1],"true_effect":[0.9582]}
method,estimate,mean,width,coverage
truth,0.958169856178443,0,0,1
backdoor,0.00236309833368709,0.0128304035820416,0.273772488520701,1
naive,-1.07218582320249,-1.07214508667361,0.143659467936226,0
simple,0.0744276385863131,0.0869500342505841,0.341399749550307,1
pfd,-0.0222182470818154,-0.0469782048104672,0.377569973839017,1
