// {"zmw_effect":["0.8"],"m_bin":[false],"z_bin":[false],"ay_effect":["NA"],"uz_effect":["NA"],"uw_effect":["NA"],"sample_sizes":["4000"],"save":[true],"outdir":["results/"],"n_bootstrap":[64],"n_datasets":[4],"n_dgps":[1],"dgp_start":[1],"dataset_start":[5]}
// {"ubeta":[-0.938],"mbeta":[1.0794,-0.0092,0.8,1.9676],"wbeta":[1.7787,0.6432,0.8,-1.7529],"abeta":[-1.1761,-1.2938,0.7481,-0.4636],"ybeta":[-0.4799,1.1098,1.7388,-1.1514,0.6067,-1.4978],"zbeta":[1.6328,-1.1933,1.5936],"cbeta":[-0.5115,0.2914],"sd_":[1],"true_effect":[1.1159]}
method,estimate,mean,width,coverage
truth,1.11591078413132,0,0,1
backdoor,-0.0311506009493654,-0.0404964888183219,0.212413815910606,1
naive,-1.09738297136063,-1.09762764107526,0.086218475658749,0
simple,-2.03662401491195,-2.00506165131782,0.836492509378129,0
pfd,0.199713983456838,0.2084488358354,0.832542059249428,1
