// {"zmw_effect":["0.4"],"m_bin":[false],"z_bin":[false],"ay_effect":["NA"],"uz_effect":["NA"],"uw_effect":["NA"],"sample_sizes":["4000"],"save":[true],"outdir":["results/"],"n_bootstrap":[64],"n_datasets":[4],"n_dgps":[1],"dgp_start":[1],"dataset_start":[61]}
// {"ubeta":[-0.938],"mbeta":[1.0794,-0.0092,0.4,1.9676],"wbeta":[1.7787,0.6432,0.4,-1.7529],"abeta":[-1.1761,-1.2938,0.7481,-0.4636],"ybeta":[-0.4799,1.1098,1.7388,-1.1514,0.6067,-1.4978],"zbeta":[1.6328,-1.1933,1.5936],"cbeta":[-0.5115,0.2914],"sd_":[1],"true_effect":[1.1181]}
method,estimate,mean,width,coverage
truth,1.11814415768515,0,0,1
backdoor,0.06757911235836,0.0573088487493068,0.253347712531,1
naive,-1.09721804897906,-1.09946042130955,0.122640423118226,0
simple,2.4578203652153,2.44743412003009,3.44782374586654,0
pfd,-0.0498624279105073,-0.013567357887043,0.763376692002827,1
