// {"zmw_effect":["0"],"ay_effect":["NA"],"uz_effect":["NA"],"uw_effect":["NA"],"sample_sizes":["4000"],"save":[true],"outdir":["results/"],"n_bootstrap":[64],"n_datasets":[4],"n_dgps":[1],"dgp_start":[3],"dataset_start":[61],"z_bin":[true],"m_bin":[true]}
// {"ubeta":[-1.3278],"mbeta":[1.4717,1.3188,0,0.8148],"wbeta":[-1.5015,-0.8216,0,0.5239],"abeta":[0.0481,0.0201,0.1361,0.229],"ybeta":[1.59,-0.8811,-1.0872,-1.9387,-1.4841,-1.6265],"zbeta":[-0.6891,0.4084,0.4176],"cbeta":[1.2301,-0.4602],"sd_":[1],"true_effect":[-1.1309]}
method,estimate,mean,width,coverage
truth,-1.13086623608894,0,0,1
backdoor,0.183647546790974,0.185611175214197,0.247357355176488,0
naive,1.03181605536311,1.02641611981404,0.0617742270981396,0
simple,0.179339404181601,0.194328807179463,0.193077325233636,0
pfd,0.305899735300364,0.315011955336229,0.499790123910039,0
