// {"ay_effect":["0.4"],"m_bin":[false],"z_bin":[false],"uz_effect":["NA"],"uw_effect":["NA"],"zmw_effect":["NA"],"sample_sizes":["4000"],"save":[true],"outdir":["results/"],"n_bootstrap":[64],"n_datasets":[1],"n_dgps":[1],"dgp_start":[2],"dataset_start":[42]}
// {"ubeta":[-1.2605],"mbeta":[-0.3789,1.4142,1.9056,-1.0967],"wbeta":[-1.4834,1.3338,-0.1279,0.1999],"abeta":[0.2107,-1.0444,1.0421,-1.2767],"ybeta":[-0.2208,0.4,0.6476,-0.4498,1.3476,-1.398],"zbeta":[-1.3278,1.7754,1.7739],"cbeta":[0.8095,0.2933],"sd_":[1],"true_effect":[-0.4799]}
method,estimate,mean,width,coverage
truth,-0.479896237262246,0,0,1
backdoor,0.0699627632941467,0.0846240638029392,0.293209074035149,1
naive,-0.371412900172821,-0.376725025833597,0.180406056786742,0
simple,-0.627824759150198,-0.628254436537573,0.345721760502304,0
pfd,-0.00644429952920639,0.00367668754517325,0.578701384711978,1
