// {"zmw_effect":["0.4"],"m_bin":[false],"z_bin":[false],"ay_effect":["NA"],"uz_effect":["NA"],"uw_effect":["NA"],"sample_sizes":["4000"],"save":[true],"outdir":["results/"],"n_bootstrap":[64],"n_datasets":[4],"n_dgps":[1],"dgp_start":[4],"dataset_start":[29]}
// {"ubeta":[0.3432],"mbeta":[-0.3376,-0.1796,0.4,0.336],"wbeta":[0.8976,1.6244,0.4,-1.7074],"abeta":[1.0187,-0.856,-1.5998,1.8163],"ybeta":[1.8488,1.0468,0.858,1.9865,0.0251,-0.0402],"zbeta":[-0.8905,1.2543,-0.9583],"cbeta":[-1.9642,-0.825],"sd_":[1],"true_effect":[0.6883]}
method,estimate,mean,width,coverage
truth,0.688260239163757,0,0,1
backdoor,-0.0427121562732817,-0.0624648492501579,0.420976738940482,1
naive,-1.07450715673619,-1.09110104755478,0.395447399563477,0
simple,0.196211608263151,0.201797168182329,0.496994099039726,1
pfd,-0.0764025474041656,-0.0685520651846936,0.378074064320619,1
