// {"ay_effect":["0.8"],"m_bin":[false],"z_bin":[false],"uz_effect":["NA"],"uw_effect":["NA"],"zmw_effect":["NA"],"sample_sizes":["4000"],"save":[true],"outdir":["results/"],"n_bootstrap":[64],"n_datasets":[1],"n_dgps":[1],"dgp_start":[4],"dataset_start":[59]}
// {"ubeta":[0.3432],"mbeta":[-0.3376,-0.1796,1.8842,0.336],"wbeta":[0.8976,1.6244,1.7962,-1.7074],"abeta":[1.0187,-0.856,-1.5998,1.8163],"ybeta":[1.8488,0.8,0.858,1.9865,0.0251,-0.0402],"zbeta":[-0.8905,1.2543,-0.9583],"cbeta":[-1.9642,-0.825],"sd_":[1],"true_effect":[0.4352]}
method,estimate,mean,width,coverage
truth,0.435161245647735,0,0,1
backdoor,-0.0693820351050434,-0.0292567304189914,0.457318996804777,1
naive,-0.78514828553142,-0.808491416087255,0.356734505496341,0
simple,0.389013791413819,0.381463183400331,0.299833335582211,0
pfd,-0.0409491885098339,-0.0346512140298929,0.551373135555667,1
