// {"zmw_effect":["0.8"],"m_bin":[false],"z_bin":[false],"ay_effect":["NA"],"uz_effect":["NA"],"uw_effect":["NA"],"sample_sizes":["4000"],"save":[true],"outdir":["results/"],"n_bootstrap":[64],"n_datasets":[4],"n_dgps":[1],"dgp_start":[4],"dataset_start":[29]}
// {"ubeta":[0.3432],"mbeta":[-0.3376,-0.1796,0.8,0.336],"wbeta":[0.8976,1.6244,0.8,-1.7074],"abeta":[1.0187,-0.856,-1.5998,1.8163],"ybeta":[1.8488,1.0468,0.858,1.9865,0.0251,-0.0402],"zbeta":[-0.8905,1.2543,-0.9583],"cbeta":[-1.9642,-0.825],"sd_":[1],"true_effect":[0.6865]}
method,estimate,mean,width,coverage
truth,0.686458332001386,0,0,1
backdoor,-0.0428339570855342,-0.0626724794069365,0.422846844359909,1
naive,-1.07466549622393,-1.09134739875754,0.397460644306888,0
simple,0.333863495383206,0.337668914590419,0.405116127314174,0
pfd,-0.0357260333935217,-0.0238925168795919,0.390745595950609,1
