// {"zmw_effect":["0"],"ay_effect":["NA"],"uz_effect":["NA"],"uw_effect":["NA"],"sample_sizes":["4000"],"save":[true],"outdir":["results/"],"n_bootstrap":[64],"n_datasets":[4],"n_dgps":[1],"dgp_start":[3],"dataset_start":[53],"z_bin":[true],"m_bin":[true]}
// {"ubeta":[-1.3278],"mbeta":[1.4717,1.3188,0,0.8148],"wbeta":[-1.5015,-0.8216,0,0.5239],"abeta":[0.0481,0.0201,0.1361,0.229],"ybeta":[1.59,-0.8811,-1.0872,-1.9387,-1.4841,-1.6265],"zbeta":[-0.6891,0.4084,0.4176],"cbeta":[1.2301,-0.4602],"sd_":[1],"true_effect":[-1.1309]}
method,estimate,mean,width,coverage
truth,-1.13086623608894,0,0,1
backdoor,0.148275594622776,0.140304969236585,0.244954238372685,0
naive,1.03367607275386,1.03411527370114,0.0741118412034195,0
simple,0.161051033817576,0.167143858895294,0.221377208285602,0
pfd,0.1473155415801,0.158491494639242,0.212999610905054,0
