// {"ay_effect":["0.2"],"m_bin":[false],"z_bin":[false],"uz_effect":["NA"],"uw_effect":["NA"],"zmw_effect":["NA"],"sample_sizes":["4000"],"save":[true],"outdir":["results/"],"n_bootstrap":[64],"n_datasets":[1],"n_dgps":[1],"dgp_start":[3],"dataset_start":[25]}
// {"ubeta":[-1.3278],"mbeta":[1.4717,1.3188,-1.5542,0.8148],"wbeta":[-1.5015,-0.8216,0.3104,0.5239],"abeta":[0.0481,0.0201,0.1361,0.229],"ybeta":[1.59,0.2,-1.0872,-1.9387,-1.4841,-1.6265],"zbeta":[-0.6891,0.4084,0.4176],"cbeta":[1.2301,-0.4602],"sd_":[1],"true_effect":[-2.9644]}
method,estimate,mean,width,coverage
truth,-2.96440662767864,0,0,1
backdoor,-0.165620619676519,-0.147936946560631,0.359365440585989,1
naive,-0.205126318223608,-0.199874444822807,0.322007361399951,0
simple,2.30183281033923,2.30504644324211,0.557511919918087,0
pfd,-0.163098880116596,-0.162208249339413,0.456982841822708,1
