// {"ay_effect":["0.4"],"m_bin":[false],"z_bin":[false],"uz_effect":["NA"],"uw_effect":["NA"],"zmw_effect":["NA"],"sample_sizes":["4000"],"save":[true],"outdir":["results/"],"n_bootstrap":[64],"n_datasets":[1],"n_dgps":[1],"dgp_start":[2],"dataset_start":[2]}
// {"ubeta":[-1.2605],"mbeta":[-0.3789,1.4142,1.9056,-1.0967],"wbeta":[-1.4834,1.3338,-0.1279,0.1999],"abeta":[0.2107,-1.0444,1.0421,-1.2767],"ybeta":[-0.2208,0.4,0.6476,-0.4498,1.3476,-1.398],"zbeta":[-1.3278,1.7754,1.7739],"cbeta":[0.8095,0.2933],"sd_":[1],"true_effect":[-0.4799]}
method,estimate,mean,width,coverage
truth,-0.479896237262246,0,0,1
backdoor,-0.0178599026115252,-0.032801987778964,0.308740629875976,1
naive,-0.417131982705834,-0.409198949207748,0.17939023974199,0
simple,-0.790125813101769,-0.793425209048922,0.425432583873192,0
pfd,0.144554942470322,0.155969017215461,0.443619114450468,1
