// {"zmw_effect":["0.2"],"m_bin":[false],"z_bin":[false],"ay_effect":["NA"],"uz_effect":["NA"],"uw_effect":["NA"],"sample_sizes":["4000"],"save":[true],"outdir":["results/"],"n_bootstrap":[64],"n_datasets":[4],"n_dgps":[1],"dgp_start":[3],"dataset_start":[13]}
// {"ubeta":[-1.3278],"mbeta":[1.4717,1.3188,0.2,0.8148],"wbeta":[-1.5015,-0.8216,0.2,0.5239],"abeta":[0.0481,0.0201,0.1361,0.229],"ybeta":[1.59,-0.8811,-1.0872,-1.9387,-1.4841,-1.6265],"zbeta":[-0.6891,0.4084,0.4176],"cbeta":[1.2301,-0.4602],"sd_":[1],"true_effect":[-3.8293]}
method,estimate,mean,width,coverage
truth,-3.82931856786701,0,0,1
backdoor,0.0639163934318252,0.0663122289122366,0.349232131894345,1
naive,0.717283085645525,0.732286491308408,0.363843261672528,0
simple,-0.38848416642325,-0.407941559113519,0.675682172588982,0
pfd,0.00800678210808226,0.00818738450668066,0.295702247992804,1
