// {"zmw_effect":["0.8"],"ay_effect":["NA"],"uz_effect":["NA"],"uw_effect":["NA"],"sample_sizes":["4000"],"save":[true],"outdir":["results/"],"n_bootstrap":[64],"n_datasets":[4],"n_dgps":[1],"dgp_start":[1],"dataset_start":[29],"z_bin":[true],"m_bin":[true]}
// {"ubeta":[-0.938],"mbeta":[1.0794,-0.0092,0.8,1.9676],"wbeta":[1.7787,0.6432,0.8,-1.7529],"abeta":[-1.1761,-1.2938,0.7481,-0.4636],"ybeta":[-0.4799,1.1098,1.7388,-1.1514,0.6067,-1.4978],"zbeta":[1.6328,-1.1933,1.5936],"cbeta":[-0.5115,0.2914],"sd_":[1],"true_effect":[1.1106]}
method,estimate,mean,width,coverage
truth,1.11061738738794,0,0,1
backdoor,0.0453797522831438,0.0498595644988153,0.174464414541176,1
naive,-1.11511615725097,-1.11626245866529,0.037856878200704,0
simple,0.378156058922296,0.157446808416654,1.6618809379841,1
pfd,0.0747220380362457,0.0484245232668759,1.20331879483201,1
