// {"ay_effect":["0.8"],"m_bin":[false],"z_bin":[false],"uz_effect":["NA"],"uw_effect":["NA"],"zmw_effect":["NA"],"sample_sizes":["4000"],"save":[true],"outdir":["results/"],"n_bootstrap":[64],"n_datasets":[1],"n_dgps":[1],"dgp_start":[3],"dataset_start":[52]}
// {"ubeta":[-1.3278],"mbeta":[1.4717,1.3188,-1.5542,0.8148],"wbeta":[-1.5015,-0.8216,0.3104,0.5239],"abeta":[0.0481,0.0201,0.1361,0.229],"ybeta":[1.59,0.8,-1.0872,-1.9387,-1.4841,-1.6265],"zbeta":[-0.6891,0.4084,0.4176],"cbeta":[1.2301,-0.4602],"sd_":[1],"true_effect":[-2.3644]}
method,estimate,mean,width,coverage
truth,-2.36440662767864,0,0,1
backdoor,0.0165588289814282,0.0149241389172108,0.352832227090229,1
naive,-0.530229568030654,-0.545211656670745,0.319481781854941,0
simple,2.25698455895463,2.26850614753025,0.590615792230286,0
pfd,0.0361931538500779,0.0466797661821019,0.876879021221021,1
