// {"zmw_effect":["0"],"m_bin":[false],"z_bin":[false],"ay_effect":["NA"],"uz_effect":["NA"],"uw_effect":["NA"],"sample_sizes":["4000"],"save":[true],"outdir":["results/"],"n_bootstrap":[64],"n_datasets":[4],"n_dgps":[1],"dgp_start":[3],"dataset_start":[33]}
// {"ubeta":[-1.3278],"mbeta":[1.4717,1.3188,0,0.8148],"wbeta":[-1.5015,-0.8216,0,0.5239],"abeta":[0.0481,0.0201,0.1361,0.229],"ybeta":[1.59,-0.8811,-1.0872,-1.9387,-1.4841,-1.6265],"zbeta":[-0.6891,0.4084,0.4176],"cbeta":[1.2301,-0.4602],"sd_":[1],"true_effect":[-3.4379]}
method,estimate,mean,width,coverage
truth,-3.4378689502407,0,0,1
backdoor,-0.0131784795511951,-0.00773300285578937,0.296710114450926,1
naive,0.690929310334695,0.693016434422585,0.315153638086155,0
simple,-0.0228293835529376,-0.02490359068207,0.373361018491371,1
pfd,-0.0569664044791574,-0.0583505006291651,0.321300409308599,1
