// {"ay_effect":["0"],"m_bin":[false],"z_bin":[false],"uz_effect":["NA"],"uw_effect":["NA"],"zmw_effect":["NA"],"sample_sizes":["4000"],"save":[true],"outdir":["results/"],"n_bootstrap":[64],"n_datasets":[1],"n_dgps":[1],"dgp_start":[3],"dataset_start":[48]}
// {"ubeta":[-1.3278],"mbeta":[1.4717,1.3188,-1.5542,0.8148],"wbeta":[-1.5015,-0.8216,0.3104,0.5239],"abeta":[0.0481,0.0201,0.1361,0.229],"ybeta":[1.59,0,-1.0872,-1.9387,-1.4841,-1.6265],"zbeta":[-0.6891,0.4084,0.4176],"cbeta":[1.2301,-0.4602],"sd_":[1],"true_effect":[-3.1644]}
method,estimate,mean,width,coverage
truth,-3.16440662767864,0,0,1
backdoor,-0.119873819322427,-0.140174083720189,0.364034985964307,1
naive,-0.10595147513667,-0.0733241426687976,0.248540362913239,1
simple,1.94157985452976,1.97869107527,0.688438200481596,0
pfd,-0.099899141105146,-0.078912657349548,0.357196192120436,1
