// {"zmw_effect":["0.2"],"m_bin":[false],"z_bin":[false],"ay_effect":["NA"],"uz_effect":["NA"],"uw_effect":["NA"],"sample_sizes":["4000"],"save":[true],"outdir":["results/"],"n_bootstrap":[64],"n_datasets":[4],"n_dgps":[1],"dgp_start":[2],"dataset_start":[37]}
// {"ubeta":[-1.2605],"mbeta":[-0.3789,1.4142,0.2,-1.0967],"wbeta":[-1.4834,1.3338,0.2,0.1999],"abeta":[0.2107,-1.0444,1.0421,-1.2767],"ybeta":[-0.2208,-1.7001,0.6476,-0.4498,1.3476,-1.398],"zbeta":[-1.3278,1.7754,1.7739],"cbeta":[0.8095,0.2933],"sd_":[1],"true_effect":[-1.955]}
method,estimate,mean,width,coverage
truth,-1.9550479938403,0,0,1
backdoor,-0.0611530105217537,-0.0705289531307494,0.28351495607335,1
naive,1.33857170570274,1.35606632594712,0.192254201482416,0
simple,-0.562072285749093,-0.562380124946473,0.19091985237231,0
pfd,-0.0286894822683268,-0.0244593979943404,0.246456029062746,1
