// {"ay_effect":["0"],"m_bin":[false],"z_bin":[false],"uz_effect":["NA"],"uw_effect":["NA"],"zmw_effect":["NA"],"sample_sizes":["4000"],"save":[true],"outdir":["results/"],"n_bootstrap":[64],"n_datasets":[1],"n_dgps":[1],"dgp_start":[2],"dataset_start":[63]}
// {"ubeta":[-1.2605],"mbeta":[-0.3789,1.4142,1.9056,-1.0967],"wbeta":[-1.4834,1.3338,-0.1279,0.1999],"abeta":[0.2107,-1.0444,1.0421,-1.2767],"ybeta":[-0.2208,0,0.6476,-0.4498,1.3476,-1.398],"zbeta":[-1.3278,1.7754,1.7739],"cbeta":[0.8095,0.2933],"sd_":[1],"true_effect":[-0.8799]}
method,estimate,mean,width,coverage
truth,-0.879896237262246,0,0,1
backdoor,0.0208551660618596,0.0240794532908547,0.310717861437106,1
naive,-0.0815111887593031,-0.0629819848876028,0.2362913419559,1
simple,-0.724791170919237,-0.727425022044284,0.344809863430439,0
pfd,-0.0166722199108865,-0.0224472526336951,0.488491069305566,1
