// {"zmw_effect":["0"],"ay_effect":["NA"],"uz_effect":["NA"],"uw_effect":["NA"],"sample_sizes":["4000"],"save":[true],"outdir":["results/"],"n_bootstrap":[64],"n_datasets":[4],"n_dgps":[1],"dgp_start":[1],"dataset_start":[1],"z_bin":[true],"m_bin":[true]}
// {"ubeta":[-0.938],"mbeta":[1.0794,-0.0092,0,1.9676],"wbeta":[1.7787,0.6432,0,-1.7529],"abeta":[-1.1761,-1.2938,0.7481,-0.4636],"ybeta":[-0.4799,1.1098,1.7388,-1.1514,0.6067,-1.4978],"zbeta":[1.6328,-1.1933,1.5936],"cbeta":[-0.5115,0.2914],"sd_":[1],"true_effect":[1.1118]}
method,estimate,mean,width,coverage
truth,1.11179137354698,0,0,1
backdoor,-0.0729329816220685,-0.0640440224390932,0.157974577713172,1
naive,-1.12354931836898,-1.12379142115193,0.0565815694284109,0
simple,-0.169473501285728,-0.317718105056276,1.14579917125015,1
pfd,-0.127427525400377,-0.131395065600896,0.699367380245112,1
