// {"zmw_effect":["0.4"],"ay_effect":["NA"],"uz_effect":["NA"],"uw_effect":["NA"],"sample_sizes":["4000"],"save":[true],"outdir":["results/"],"n_bootstrap":[64],"n_datasets":[4],"n_dgps":[1],"dgp_start":[3],"dataset_start":[17],"z_bin":[true],"m_bin":[true]}
// {"ubeta":[-1.3278],"mbeta":[1.4717,1.3188,0.4,0.8148],"wbeta":[-1.5015,-0.8216,0.4,0.5239],"abeta":[0.0481,0.0201,0.1361,0.229],"ybeta":[1.59,-0.8811,-1.0872,-1.9387,-1.4841,-1.6265],"zbeta":[-0.6891,0.4084,0.4176],"cbeta":[1.2301,-0.4602],"sd_":[1],"true_effect":[-1.1724]}
method,estimate,mean,width,coverage
truth,-1.17237510479554,0,0,1
backdoor,0.231076310371296,0.219038608298589,0.263143390283056,0
naive,1.04653004060624,1.04424400756844,0.0844548526947328,0
simple,0.227505255788784,0.249984040722482,0.244676063740792,0
pfd,0.152893911017629,0.163652215678022,0.330750736850676,0
