// {"uw_effect":["0"],"m_bin":[false],"z_bin":[false],"ay_effect":["NA"],"zmw_effect":["NA"],"uz_effect":["0"],"sample_sizes":["4000"],"save":[true],"n_bootstrap":[64],"n_datasets":[4],"n_dgps":[1],"dgp_start":[2],"dataset_start":[61],"outdir":["results/"]}
// {"ubeta":[-1.2605],"mbeta":[-0.3789,1.4142,1.9056,-1.0967],"wbeta":[-1.4834,0,-0.1279,0.1999],"abeta":[0.2107,-1.0444,1.0421,-1.2767],"ybeta":[-0.2208,-1.7001,0.6476,-0.4498,1.3476,-1.398],"zbeta":[-1.3278,0,1.7739],"cbeta":[0.8095,0.2933],"sd_":[1],"true_effect":[-2.58]}
method,estimate,mean,width,coverage
truth,-2.57997853842443,0,0,1
backdoor,0.0687316231640138,0.0481516765682519,0.287039505333109,1
naive,1.17955497096264,1.17436767516951,0.2341046828822,0
simple,0.249667407599419,0.286496992118397,0.52282076090142,0
pfd,-0.457763948654794,-0.435864342802323,0.479552609755536,0
