// {"zmw_effect":["0.8"],"ay_effect":["NA"],"uz_effect":["NA"],"uw_effect":["NA"],"sample_sizes":["4000"],"save":[true],"outdir":["results/"],"n_bootstrap":[64],"n_datasets":[4],"n_dgps":[1],"dgp_start":[3],"dataset_start":[21],"z_bin":[true],"m_bin":[true]}
// {"ubeta":[-1.3278],"mbeta":[1.4717,1.3188,0.8,0.8148],"wbeta":[-1.5015,-0.8216,0.8,0.5239],"abeta":[0.0481,0.0201,0.1361,0.229],"ybeta":[1.59,-0.8811,-1.0872,-1.9387,-1.4841,-1.6265],"zbeta":[-0.6891,0.4084,0.4176],"cbeta":[1.2301,-0.4602],"sd_":[1],"true_effect":[-1.2072]}
method,estimate,mean,width,coverage
truth,-1.20716665036243,0,0,1
backdoor,0.257123434157792,0.248423996958988,0.217476978401483,0
naive,1.08740111768686,1.0841641062042,0.0738719621819302,0
simple,0.257577575973684,0.262190640623667,0.243259189884676,0
pfd,0.221929619972393,0.218644292774737,0.357508688102079,0
