// {"zmw_effect":["0.8"],"ay_effect":["NA"],"uz_effect":["NA"],"uw_effect":["NA"],"sample_sizes":["4000"],"save":[true],"outdir":["results/"],"n_bootstrap":[64],"n_datasets":[4],"n_dgps":[1],"dgp_start":[3],"dataset_start":[29],"z_bin":[true],"m_bin":[true]}
// {"ubeta":[-1.3278],"mbeta":[1.4717,1.3188,0.8,0.8148],"wbeta":[-1.5015,-0.8216,0.8,0.5239],"abeta":[0.0481,0.0201,0.1361,0.229],"ybeta":[1.59,-0.8811,-1.0872,-1.9387,-1.4841,-1.6265],"zbeta":[-0.6891,0.4084,0.4176],"cbeta":[1.2301,-0.4602],"sd_":[1],"true_effect":[-1.2072]}
method,estimate,mean,width,coverage
truth,-1.20716665036243,0,0,1
backdoor,0.201403150377695,0.205065001479741,0.194441977261259,0
naive,1.0664765576387,1.06586223938083,0.090997188044217,0
simple,0.200029750355137,0.203503150277793,0.208304124693827,0
pfd,0.28213481836452,0.284982730854819,0.287123779542384,0
