// {"zmw_effect":["0.2"],"ay_effect":["NA"],"uz_effect":["NA"],"uw_effect":["NA"],"sample_sizes":["4000"],"save":[true],"outdir":["results/"],"n_bootstrap":[64],"n_datasets":[4],"n_dgps":[1],"dgp_start":[4],"dataset_start":[25],"z_bin":[true],"m_bin":[true]}
// {"ubeta":[0.3432],"mbeta":[-0.3376,-0.1796,0.2,0.336],"wbeta":[0.8976,1.6244,0.2,-1.7074],"abeta":[1.0187,-0.856,-1.5998,1.8163],"ybeta":[1.8488,1.0468,0.858,1.9865,0.0251,-0.0402],"zbeta":[-0.8905,1.2543,-0.9583],"cbeta":[-1.9642,-0.825],"sd_":[1],"true_effect":[0.9593]}
method,estimate,mean,width,coverage
truth,0.959255714359658,0,0,1
backdoor,-0.0202959923116173,-0.0165770313455741,0.259616082879579,1
naive,-0.991662401824699,-0.988615989129796,0.180743212779096,0
simple,-0.0241607509105246,-0.0389472846993901,0.31789100878689,1
pfd,-0.0774508021590029,-0.0645288268745636,0.321166795771852,1
