// {"uw_effect":["0.2"],"m_bin":[false],"z_bin":[false],"ay_effect":["NA"],"zmw_effect":["NA"],"uz_effect":["0.2"],"sample_sizes":["4000"],"save":[true],"n_bootstrap":[64],"n_datasets":[4],"n_dgps":[1],"dgp_start":[4],"dataset_start":[1],"outdir":["results/"]}
// {"ubeta":[0.3432],"mbeta":[-0.3376,-0.1796,1.8842,0.336],"wbeta":[0.8976,0.2,1.7962,-1.7074],"abeta":[1.0187,-0.856,-1.5998,1.8163],"ybeta":[1.8488,1.0468,0.858,1.9865,0.0251,-0.0402],"zbeta":[-0.8905,0.2,-0.9583],"cbeta":[-1.9642,-0.825],"sd_":[1],"true_effect":[0.682]}
method,estimate,mean,width,coverage
truth,0.681970858421094,0,0,1
backdoor,-0.0630280774846648,-0.0476692874778663,0.386543037541444,1
naive,-1.14584538458956,-1.14062728734477,0.402753982858162,0
simple,0.276242276207256,0.280443120331169,0.392275810480367,0
pfd,-0.172490325945094,-0.155734515558137,0.895762263362714,1
