// {"ay_effect":["0.2"],"m_bin":[false],"z_bin":[false],"uz_effect":["NA"],"uw_effect":["NA"],"zmw_effect":["NA"],"sample_sizes":["4000"],"save":[true],"outdir":["results/"],"n_bootstrap":[64],"n_datasets":[1],"n_dgps":[1],"dgp_start":[2],"dataset_start":[18]}
// {"ubeta":[-1.2605],"mbeta":[-0.3789,1.4142,1.9056,-1.0967],"wbeta":[-1.4834,1.3338,-0.1279,0.1999],"abeta":[0.2107,-1.0444,1.0421,-1.2767],"ybeta":[-0.2208,0.2,0.6476,-0.4498,1.3476,-1.398],"zbeta":[-1.3278,1.7754,1.7739],"cbeta":[0.8095,0.2933],"sd_":[1],"true_effect":[-0.6799]}
method,estimate,mean,width,coverage
truth,-0.679896237262246,0,0,1
backdoor,-0.00715704380437432,-0.011112185607058,0.313040017443005,1
naive,-0.291193481254194,-0.284509396067613,0.19213871291148,0
simple,-0.590634353338502,-0.597418417593221,0.323185734476457,0
pfd,0.127242508296182,0.123896989651976,0.615759502351047,1
