// {"ay_effect":["0.2"],"m_bin":[false],"z_bin":[false],"uz_effect":["NA"],"uw_effect":["NA"],"zmw_effect":["NA"],"sample_sizes":["4000"],"save":[true],"outdir":["results/"],"n_bootstrap":[64],"n_datasets":[1],"n_dgps":[1],"dgp_start":[1],"dataset_start":[23]}
// {"ubeta":[-0.938],"mbeta":[1.0794,-0.0092,0.8705,1.9676],"wbeta":[1.7787,0.6432,0.5165,-1.7529],"abeta":[-1.1761,-1.2938,0.7481,-0.4636],"ybeta":[-0.4799,0.2,1.7388,-1.1514,0.6067,-1.4978],"zbeta":[1.6328,-1.1933,1.5936],"cbeta":[-0.5115,0.2914],"sd_":[1],"true_effect":[0.2077]}
method,estimate,mean,width,coverage
truth,0.207713047049083,0,0,1
backdoor,0.0744673481888565,0.0908301376523181,0.18186083224586,0
naive,-0.205144749969211,-0.20427408484465,0.12581182003975,0
simple,-3.1885261912943,-3.17165547939722,1.46501952814008,0
pfd,0.0966103779840003,0.0752101420146622,1.03577285955695,1
