// {"ay_effect":["0.4"],"m_bin":[false],"z_bin":[false],"uz_effect":["NA"],"uw_effect":["NA"],"zmw_effect":["NA"],"sample_sizes":["4000"],"save":[true],"outdir":["results/"],"n_bootstrap":[64],"n_datasets":[1],"n_dgps":[1],"dgp_start":[3],"dataset_start":[14]}
// {"ubeta":[-1.3278],"mbeta":[1.4717,1.3188,-1.5542,0.8148],"wbeta":[-1.5015,-0.8216,0.3104,0.5239],"abeta":[0.0481,0.0201,0.1361,0.229],"ybeta":[1.59,0.4,-1.0872,-1.9387,-1.4841,-1.6265],"zbeta":[-0.6891,0.4084,0.4176],"cbeta":[1.2301,-0.4602],"sd_":[1],"true_effect":[-2.7644]}
method,estimate,mean,width,coverage
truth,-2.76440662767864,0,0,1
backdoor,-0.126408849253175,-0.133803472614785,0.380752884240045,1
naive,-0.358044770300805,-0.355701223127498,0.248027092834998,0
simple,2.35260841430809,2.37952948312886,0.559601011903886,0
pfd,-0.141461392577631,-0.115027566319378,0.386544785090624,1
