// {"uw_effect":["0.4"],"m_bin":[false],"z_bin":[false],"ay_effect":["NA"],"zmw_effect":["NA"],"uz_effect":["0.4"],"sample_sizes":["4000"],"save":[true],"n_bootstrap":[64],"n_datasets":[4],"n_dgps":[1],"dgp_start":[4],"dataset_start":[61],"outdir":["results/"]}
// {"ubeta":[0.3432],"mbeta":[-0.3376,-0.1796,1.8842,0.336],"wbeta":[0.8976,0.4,1.7962,-1.7074],"abeta":[1.0187,-0.856,-1.5998,1.8163],"ybeta":[1.8488,1.0468,0.858,1.9865,0.0251,-0.0402],"zbeta":[-0.8905,0.4,-0.9583],"cbeta":[-1.9642,-0.825],"sd_":[1],"true_effect":[0.682]}
method,estimate,mean,width,coverage
truth,0.681970858421094,0,0,1
backdoor,-0.0289241914508055,-0.032552531639028,0.507732787310166,1
naive,-1.12112947699226,-1.13168132738863,0.380166684664779,0
simple,0.309866068519321,0.294786961360922,0.29444410131467,0
pfd,-0.15537403886176,-0.15953233631863,0.717678047804642,1
