// {"zmw_effect":["0.8"],"ay_effect":["NA"],"uz_effect":["NA"],"uw_effect":["NA"],"sample_sizes":["4000"],"save":[true],"outdir":["results/"],"n_bootstrap":[64],"n_datasets":[4],"n_dgps":[1],"dgp_start":[2],"dataset_start":[5],"z_bin":[true],"m_bin":[true]}
// {"ubeta":[-1.2605],"mbeta":[-0.3789,1.4142,0.8,-1.0967],"wbeta":[-1.4834,1.3338,0.8,0.1999],"abeta":[0.2107,-1.0444,1.0421,-1.2767],"ybeta":[-0.2208,-1.7001,0.6476,-0.4498,1.3476,-1.398],"zbeta":[-1.3278,1.7754,1.7739],"cbeta":[0.8095,0.2933],"sd_":[1],"true_effect":[-1.5001]}
method,estimate,mean,width,coverage
truth,-1.5001048674761,0,0,1
backdoor,0.0230788613209243,0.040389271982167,0.222416756341666,1
naive,1.45874126748771,1.45811151875507,0.110700605656838,0
simple,-0.537405862516157,-0.53496762218663,0.164723672145514,0
pfd,-0.0792874897143307,-0.0892047135600915,0.273153334884793,1
