// {"zmw_effect":["0.4"],"ay_effect":["NA"],"uz_effect":["NA"],"uw_effect":["NA"],"sample_sizes":["4000"],"save":[true],"outdir":["results/"],"n_bootstrap":[64],"n_datasets":[4],"n_dgps":[1],"dgp_start":[2],"dataset_start":[21],"z_bin":[true],"m_bin":[true]}
// {"ubeta":[-1.2605],"mbeta":[-0.3789,1.4142,0.4,-1.0967],"wbeta":[-1.4834,1.3338,0.4,0.1999],"abeta":[0.2107,-1.0444,1.0421,-1.2767],"ybeta":[-0.2208,-1.7001,0.6476,-0.4498,1.3476,-1.398],"zbeta":[-1.3278,1.7754,1.7739],"cbeta":[0.8095,0.2933],"sd_":[1],"true_effect":[-1.671]}
method,estimate,mean,width,coverage
truth,-1.67097270375837,0,0,1
backdoor,-0.0582994833804809,-0.0543943302472327,0.219138472425411,1
naive,1.42038497298335,1.41473709805697,0.163084562468775,0
simple,-0.259180010140056,-0.252720548431501,0.211939993540423,0
pfd,0.00895449884117583,0.020222284496946,0.332173405622448,1
