// {"uw_effect":["0.4"],"m_bin":[false],"z_bin":[false],"ay_effect":["NA"],"zmw_effect":["NA"],"uz_effect":["0.4"],"sample_sizes":["4000"],"save":[true],"n_bootstrap":[64],"n_datasets":[4],"n_dgps":[1],"dgp_start":[1],"dataset_start":[29],"outdir":["results/"]}
// {"ubeta":[-0.938],"mbeta":[1.0794,-0.0092,0.8705,1.9676],"wbeta":[1.7787,0.4,0.5165,-1.7529],"abeta":[-1.1761,-1.2938,0.7481,-0.4636],"ybeta":[-0.4799,1.1098,1.7388,-1.1514,0.6067,-1.4978],"zbeta":[1.6328,0.4,1.5936],"cbeta":[-0.5115,0.2914],"sd_":[1],"true_effect":[1.1175]}
method,estimate,mean,width,coverage
truth,1.11749393232826,0,0,1
backdoor,-0.162866646980163,-0.168070503486049,0.217646311133934,0
naive,-1.16395660815352,-1.16881620854066,0.106962219273915,0
simple,-1.79701054605306,-1.78849943906376,0.240537773334583,0
pfd,-0.260851583008021,-0.252954090527606,1.1300855780599,1
