// {"zmw_effect":["0.2"],"ay_effect":["NA"],"uz_effect":["NA"],"uw_effect":["NA"],"sample_sizes":["4000"],"save":[true],"outdir":["results/"],"n_bootstrap":[64],"n_datasets":[4],"n_dgps":[1],"dgp_start":[1],"dataset_start":[49],"z_bin":[true],"m_bin":[true]}
// {"ubeta":[-0.938],"mbeta":[1.0794,-0.0092,0.2,1.9676],"wbeta":[1.7787,0.6432,0.2,-1.7529],"abeta":[-1.1761,-1.2938,0.7481,-0.4636],"ybeta":[-0.4799,1.1098,1.7388,-1.1514,0.6067,-1.4978],"zbeta":[1.6328,-1.1933,1.5936],"cbeta":[-0.5115,0.2914],"sd_":[1],"true_effect":[1.1115]}
method,estimate,mean,width,coverage
truth,1.11145057062033,0,0,1
backdoor,-0.019859854771701,-0.013207797398318,0.151183964041098,1
naive,-1.09869883212446,-1.09803866159577,0.0512380723178914,0
simple,0.0601737405440468,-0.094882227994538,1.15456851452881,1
pfd,-0.247146388977032,-0.232077930527593,0.753275826323294,1
