// {"ay_effect":["0.8"],"m_bin":[false],"z_bin":[false],"uz_effect":["NA"],"uw_effect":["NA"],"zmw_effect":["NA"],"sample_sizes":["4000"],"save":[true],"outdir":["results/"],"n_bootstrap":[64],"n_datasets":[1],"n_dgps":[1],"dgp_start":[2],"dataset_start":[53]}
// {"ubeta":[-1.2605],"mbeta":[-0.3789,1.4142,1.9056,-1.0967],"wbeta":[-1.4834,1.3338,-0.1279,0.1999],"abeta":[0.2107,-1.0444,1.0421,-1.2767],"ybeta":[-0.2208,0.8,0.6476,-0.4498,1.3476,-1.398],"zbeta":[-1.3278,1.7754,1.7739],"cbeta":[0.8095,0.2933],"sd_":[1],"true_effect":[-0.0799]}
method,estimate,mean,width,coverage
truth,-0.079896237262246,0,0,1
backdoor,0.108208421302415,0.111406969769062,0.234085283021594,1
naive,-0.699603288647688,-0.697380437797532,0.155017996405942,0
simple,-0.65687296957082,-0.662654107107658,0.307724493685142,0
pfd,-0.0218877590634153,-0.0309966278009347,0.507297265982612,1
