// {"ay_effect":["0.2"],"m_bin":[false],"z_bin":[false],"uz_effect":["NA"],"uw_effect":["NA"],"zmw_effect":["NA"],"sample_sizes":["4000"],"save":[true],"outdir":["results/"],"n_bootstrap":[64],"n_datasets":[1],"n_dgps":[1],"dgp_start":[3],"dataset_start":[4]}
// {"ubeta":[-1.3278],"mbeta":[1.4717,1.3188,-1.5542,0.8148],"wbeta":[-1.5015,-0.8216,0.3104,0.5239],"abeta":[0.0481,0.0201,0.1361,0.229],"ybeta":[1.59,0.2,-1.0872,-1.9387,-1.4841,-1.6265],"zbeta":[-0.6891,0.4084,0.4176],"cbeta":[1.2301,-0.4602],"sd_":[1],"true_effect":[-2.9644]}
method,estimate,mean,width,coverage
truth,-2.96440662767864,0,0,1
backdoor,-0.0981726532543803,-0.0986037270125411,0.350999010976206,1
naive,-0.196993238612902,-0.194742473407104,0.31480120981611,0
simple,2.12160447602604,2.10664049880262,0.626224447643683,0
pfd,-0.072238148533033,-0.0622648534616301,0.419536398322994,1
