// {"uw_effect":["0"],"m_bin":[false],"z_bin":[false],"ay_effect":["NA"],"zmw_effect":["NA"],"uz_effect":["0"],"sample_sizes":["4000"],"save":[true],"n_bootstrap":[64],"n_datasets":[4],"n_dgps":[1],"dgp_start":[3],"dataset_start":[53],"outdir":["results/"]}
// {"ubeta":[-1.3278],"mbeta":[1.4717,1.3188,-1.5542,0.8148],"wbeta":[-1.5015,0,0.3104,0.5239],"abeta":[0.0481,0.0201,0.1361,0.229],"ybeta":[1.59,-0.8811,-1.0872,-1.9387,-1.4841,-1.6265],"zbeta":[-0.6891,0,0.4176],"cbeta":[1.2301,-0.4602],"sd_":[1],"true_effect":[-4.0455]}
method,estimate,mean,width,coverage
truth,-4.04547641266264,0,0,1
backdoor,0.0886711322486242,0.0939319637600389,0.310067019789557,1
naive,0.684696311732386,0.694192627592864,0.322119255146931,0
simple,3.37818681647083,3.42092861076802,0.686441025636599,0
pfd,0.0565809249022644,0.0447196307574425,0.374507161517971,1
