// {"zmw_effect":["0"],"m_bin":[false],"z_bin":[false],"ay_effect":["NA"],"uz_effect":["NA"],"uw_effect":["NA"],"sample_sizes":["4000"],"save":[true],"outdir":["results/"],"n_bootstrap":[64],"n_datasets":[4],"n_dgps":[1],"dgp_start":[3],"dataset_start":[13]}
// {"ubeta":[-1.3278],"mbeta":[1.4717,1.3188,0,0.8148],"wbeta":[-1.5015,-0.8216,0,0.5239],"abeta":[0.0481,0.0201,0.1361,0.229],"ybeta":[1.59,-0.8811,-1.0872,-1.9387,-1.4841,-1.6265],"zbeta":[-0.6891,0.4084,0.4176],"cbeta":[1.2301,-0.4602],"sd_":[1],"true_effect":[-3.4379]}
method,estimate,mean,width,coverage
truth,-3.4378689502407,0,0,1
backdoor,-0.186412392382647,-0.181580040946425,0.314238598362547,0
naive,0.554360755040967,0.546937199846117,0.305238639387395,0
simple,-0.173022660281928,-0.179723547858138,0.350080619586549,0
pfd,-0.155469229326076,-0.14837579273427,0.317174979276781,1
