// {"zmw_effect":["0.4"],"ay_effect":["NA"],"uz_effect":["NA"],"uw_effect":["NA"],"sample_sizes":["4000"],"save":[true],"outdir":["results/"],"n_bootstrap":[64],"n_datasets":[4],"n_dgps":[1],"dgp_start":[4],"dataset_start":[53],"z_bin":[true],"m_bin":[true]}
// {"ubeta":[0.3432],"mbeta":[-0.3376,-0.1796,0.4,0.336],"wbeta":[0.8976,1.6244,0.4,-1.7074],"abeta":[1.0187,-0.856,-1.5998,1.8163],"ybeta":[1.8488,1.0468,0.858,1.9865,0.0251,-0.0402],"zbeta":[-0.8905,1.2543,-0.9583],"cbeta":[-1.9642,-0.825],"sd_":[1],"true_effect":[0.9582]}
method,estimate,mean,width,coverage
truth,0.958169856178443,0,0,1
backdoor,0.0787009819724663,0.0791696442361275,0.373965159687906,1
naive,-1.00701177996099,-1.01190493930844,0.189952742867755,0
simple,0.0759990797346367,0.0688123089223579,0.324651720313256,1
pfd,0.0569117034308882,0.0486703673677183,0.302980597458529,1
