// {"zmw_effect":["0"],"m_bin":[false],"z_bin":[false],"ay_effect":["NA"],"uz_effect":["NA"],"uw_effect":["NA"],"sample_sizes":["4000"],"save":[true],"outdir":["results/"],"n_bootstrap":[64],"n_datasets":[4],"n_dgps":[1],"dgp_start":[2],"dataset_start":[13]}
// {"ubeta":[-1.2605],"mbeta":[-0.3789,1.4142,0,-1.0967],"wbeta":[-1.4834,1.3338,0,0.1999],"abeta":[0.2107,-1.0444,1.0421,-1.2767],"ybeta":[-0.2208,-1.7001,0.6476,-0.4498,1.3476,-1.398],"zbeta":[-1.3278,1.7754,1.7739],"cbeta":[0.8095,0.2933],"sd_":[1],"true_effect":[-2.3362]}
method,estimate,mean,width,coverage
truth,-2.33618926519228,0,0,1
backdoor,-0.0888860152982205,-0.100689634277882,0.307330815790947,1
naive,1.09618048267134,1.10572813161024,0.222596300180782,0
simple,-0.0573391974737456,-0.0493992142631305,0.201484260391287,1
pfd,-0.0585208937839696,-0.0671578018256698,0.462667518062737,1
