// {"zmw_effect":["0.4"],"m_bin":[false],"z_bin":[false],"ay_effect":["NA"],"uz_effect":["NA"],"uw_effect":["NA"],"sample_sizes":["4000"],"save":[true],"outdir":["results/"],"n_bootstrap":[64],"n_datasets":[4],"n_dgps":[1],"dgp_start":[3],"dataset_start":[33]}
// {"ubeta":[-1.3278],"mbeta":[1.4717,1.3188,0.4,0.8148],"wbeta":[-1.5015,-0.8216,0.4,0.5239],"abeta":[0.0481,0.0201,0.1361,0.229],"ybeta":[1.59,-0.8811,-1.0872,-1.9387,-1.4841,-1.6265],"zbeta":[-0.6891,0.4084,0.4176],"cbeta":[1.2301,-0.4602],"sd_":[1],"true_effect":[-4.2208]}
method,estimate,mean,width,coverage
truth,-4.22076818549332,0,0,1
backdoor,0.00160548346493528,0.00924399892435002,0.426135962342207,1
naive,0.621057741618711,0.643122901031524,0.314367140460983,0
simple,-4.91283990669063,-5.26855146987438,4.86176315675827,0
pfd,0.0164495081703899,0.00789723154695476,0.314130057528582,1
