// {"zmw_effect":["0"],"m_bin":[false],"z_bin":[false],"ay_effect":["NA"],"uz_effect":["NA"],"uw_effect":["NA"],"sample_sizes":["4000"],"save":[true],"outdir":["results/"],"n_bootstrap":[64],"n_datasets":[4],"n_dgps":[1],"dgp_start":[3],"dataset_start":[53]}
// {"ubeta":[-1.3278],"mbeta":[1.4717,1.3188,0,0.8148],"wbeta":[-1.5015,-0.8216,0,0.5239],"abeta":[0.0481,0.0201,0.1361,0.229],"ybeta":[1.59,-0.8811,-1.0872,-1.9387,-1.4841,-1.6265],"zbeta":[-0.6891,0.4084,0.4176],"cbeta":[1.2301,-0.4602],"sd_":[1],"true_effect":[-3.4379]}
method,estimate,mean,width,coverage
truth,-3.4378689502407,0,0,1
backdoor,0.0143976817537075,0.00390179680179203,0.341384810867844,1
naive,0.57935757039694,0.574208199675362,0.259426737637172,0
simple,0.00284303005509345,-0.00280468399875433,0.31292541850424,1
pfd,-0.00681139465370606,0.0111463514689238,0.284709837128799,1
