// {"zmw_effect":["0"],"ay_effect":["NA"],"uz_effect":["NA"],"uw_effect":["NA"],"sample_sizes":["4000"],"save":[true],"outdir":["results/"],"n_bootstrap":[64],"n_datasets":[4],"n_dgps":[1],"dgp_start":[1],"dataset_start":[53],"z_bin":[true],"m_bin":[true]}
// {"ubeta":[-0.938],"mbeta":[1.0794,-0.0092,0,1.9676],"wbeta":[1.7787,0.6432,0,-1.7529],"abeta":[-1.1761,-1.2938,0.7481,-0.4636],"ybeta":[-0.4799,1.1098,1.7388,-1.1514,0.6067,-1.4978],"zbeta":[1.6328,-1.1933,1.5936],"cbeta":[-0.5115,0.2914],"sd_":[1],"true_effect":[1.1118]}
method,estimate,mean,width,coverage
truth,1.11179137354698,0,0,1
backdoor,0.0238445783927659,0.0320250550276258,0.167494004828684,1
naive,-1.12624136725759,-1.12427905548602,0.0680959648863327,0
simple,-0.178123193216492,-0.220057028791371,0.899117460126179,1
pfd,-0.312073793764347,-0.21426319114807,0.92766626493122,1
