// {"zmw_effect":["0.4"],"m_bin":[false],"z_bin":[false],"ay_effect":["NA"],"uz_effect":["NA"],"uw_effect":["NA"],"sample_sizes":["4000"],"save":[true],"outdir":["results/"],"n_bootstrap":[64],"n_datasets":[4],"n_dgps":[1],"dgp_start":[4],"dataset_start":[61]}
// {"ubeta":[0.3432],"mbeta":[-0.3376,-0.1796,0.4,0.336],"wbeta":[0.8976,1.6244,0.4,-1.7074],"abeta":[1.0187,-0.856,-1.5998,1.8163],"ybeta":[1.8488,1.0468,0.858,1.9865,0.0251,-0.0402],"zbeta":[-0.8905,1.2543,-0.9583],"cbeta":[-1.9642,-0.825],"sd_":[1],"true_effect":[0.6883]}
method,estimate,mean,width,coverage
truth,0.688260239163757,0,0,1
backdoor,0.0729845282684489,0.0574340883161797,0.467100875355669,1
naive,-0.916980012580423,-0.916667188501444,0.416542241428305,0
simple,0.40862674582852,0.404684749164666,0.469669690361772,0
pfd,0.0825616415351306,0.102422363913184,0.477880019621953,1
