// {"uw_effect":["0.2"],"m_bin":[false],"z_bin":[false],"ay_effect":["NA"],"zmw_effect":["NA"],"uz_effect":["0.2"],"sample_sizes":["4000"],"save":[true],"n_bootstrap":[64],"n_datasets":[4],"n_dgps":[1],"dgp_start":[3],"dataset_start":[13],"outdir":["results/"]}
// {"ubeta":[-1.3278],"mbeta":[1.4717,1.3188,-1.5542,0.8148],"wbeta":[-1.5015,0.2,0.3104,0.5239],"abeta":[0.0481,0.0201,0.1361,0.229],"ybeta":[1.59,-0.8811,-1.0872,-1.9387,-1.4841,-1.6265],"zbeta":[-0.6891,0.2,0.4176],"cbeta":[1.2301,-0.4602],"sd_":[1],"true_effect":[-4.0455]}
method,estimate,mean,width,coverage
truth,-4.04547641266264,0,0,1
backdoor,-0.181631887326374,-0.195226661108525,0.346860461104351,0
naive,0.530521450504577,0.534772585728656,0.318346311660609,0
simple,3.55748931892918,3.59919083145314,0.819046652566103,0
pfd,-0.332398330224847,-0.113487734681664,1.23781665081184,1
