// {"zmw_effect":["0.2"],"ay_effect":["NA"],"uz_effect":["NA"],"uw_effect":["NA"],"sample_sizes":["4000"],"save":[true],"outdir":["results/"],"n_bootstrap":[64],"n_datasets":[4],"n_dgps":[1],"dgp_start":[2],"dataset_start":[17],"z_bin":[true],"m_bin":[true]}
// {"ubeta":[-1.2605],"mbeta":[-0.3789,1.4142,0.2,-1.0967],"wbeta":[-1.4834,1.3338,0.2,0.1999],"abeta":[0.2107,-1.0444,1.0421,-1.2767],"ybeta":[-0.2208,-1.7001,0.6476,-0.4498,1.3476,-1.398],"zbeta":[-1.3278,1.7754,1.7739],"cbeta":[0.8095,0.2933],"sd_":[1],"true_effect":[-1.7595]}
method,estimate,mean,width,coverage
truth,-1.75945783841273,0,0,1
backdoor,-0.0770505283286154,-0.0815692435614979,0.198006330257134,0
naive,1.49557380657229,1.50367657316159,0.141132809659826,0
simple,-0.185616788604696,-0.188923826713952,0.198619883322454,0
pfd,-0.17632927542112,-0.160010845848931,0.243589423961382,0
