// {"zmw_effect":["0.8"],"ay_effect":["NA"],"uz_effect":["NA"],"uw_effect":["NA"],"sample_sizes":["4000"],"save":[true],"outdir":["results/"],"n_bootstrap":[64],"n_datasets":[4],"n_dgps":[1],"dgp_start":[3],"dataset_start":[13],"z_bin":[true],"m_bin":[true]}
// {"ubeta":[-1.3278],"mbeta":[1.4717,1.3188,0.8,0.8148],"wbeta":[-1.5015,-0.8216,0.8,0.5239],"abeta":[0.0481,0.0201,0.1361,0.229],"ybeta":[1.59,-0.8811,-1.0872,-1.9387,-1.4841,-1.6265],"zbeta":[-0.6891,0.4084,0.4176],"cbeta":[1.2301,-0.4602],"sd_":[1],"true_effect":[-1.2072]}
method,estimate,mean,width,coverage
truth,-1.20716665036243,0,0,1
backdoor,0.0936116286273261,0.102135165304932,0.210639812587732,1
naive,1.06322869601621,1.06754720550559,0.0856802735851461,0
simple,0.102291934109797,0.087259890537448,0.204190036990933,1
pfd,0.0946716054413985,0.101459937028763,0.2508577146976,1
