// {"zmw_effect":["0.8"],"m_bin":[false],"z_bin":[false],"ay_effect":["NA"],"uz_effect":["NA"],"uw_effect":["NA"],"sample_sizes":["4000"],"save":[true],"outdir":["results/"],"n_bootstrap":[64],"n_datasets":[4],"n_dgps":[1],"dgp_start":[1],"dataset_start":[25]}
// {"ubeta":[-0.938],"mbeta":[1.0794,-0.0092,0.8,1.9676],"wbeta":[1.7787,0.6432,0.8,-1.7529],"abeta":[-1.1761,-1.2938,0.7481,-0.4636],"ybeta":[-0.4799,1.1098,1.7388,-1.1514,0.6067,-1.4978],"zbeta":[1.6328,-1.1933,1.5936],"cbeta":[-0.5115,0.2914],"sd_":[1],"true_effect":[1.1159]}
method,estimate,mean,width,coverage
truth,1.11591078413132,0,0,1
backdoor,-0.0509829012029661,-0.0499226745234473,0.213882334380561,1
naive,-1.1419225805681,-1.14334901111586,0.0958695861858711,0
simple,-1.81160673083216,-1.85028296444943,0.949793961812809,0
pfd,-0.244420588946844,-0.221665783407714,0.682791840981158,1
