// {"uw_effect":["0.8"],"m_bin":[false],"z_bin":[false],"ay_effect":["NA"],"zmw_effect":["NA"],"uz_effect":["0.8"],"sample_sizes":["4000"],"save":[true],"n_bootstrap":[64],"n_datasets":[4],"n_dgps":[1],"dgp_start":[4],"dataset_start":[53],"outdir":["results/"]}
// {"ubeta":[0.3432],"mbeta":[-0.3376,-0.1796,1.8842,0.336],"wbeta":[0.8976,0.8,1.7962,-1.7074],"abeta":[1.0187,-0.856,-1.5998,1.8163],"ybeta":[1.8488,1.0468,0.858,1.9865,0.0251,-0.0402],"zbeta":[-0.8905,0.8,-0.9583],"cbeta":[-1.9642,-0.825],"sd_":[1],"true_effect":[0.682]}
method,estimate,mean,width,coverage
truth,0.681970858421094,0,0,1
backdoor,-0.238110590443263,-0.2351259537374,0.486791001249552,1
naive,-1.20759103491758,-1.20164351356581,0.445841417284354,0
simple,0.363185001782161,0.368208804307318,0.282595438847567,0
pfd,-0.203763815767416,-0.233719784009036,0.611694530009747,1
