// {"zmw_effect":["0.8"],"m_bin":[false],"z_bin":[false],"ay_effect":["NA"],"uz_effect":["NA"],"uw_effect":["NA"],"sample_sizes":["4000"],"save":[true],"outdir":["results/"],"n_bootstrap":[64],"n_datasets":[4],"n_dgps":[1],"dgp_start":[2],"dataset_start":[5]}
// {"ubeta":[-1.2605],"mbeta":[-0.3789,1.4142,0.8,-1.0967],"wbeta":[-1.4834,1.3338,0.8,0.1999],"abeta":[0.2107,-1.0444,1.0421,-1.2767],"ybeta":[-0.2208,-1.7001,0.6476,-0.4498,1.3476,-1.398],"zbeta":[-1.3278,1.7754,1.7739],"cbeta":[0.8095,0.2933],"sd_":[1],"true_effect":[-0.8116]}
method,estimate,mean,width,coverage
truth,-0.811624179784357,0,0,1
backdoor,0.0843638107904134,0.063182430159394,0.246227704424619,1
naive,1.2351327097546,1.23365066983991,0.176588620791934,0
simple,-1.6723059827964,-1.67617706242416,0.222825764485866,0
pfd,0.0385374848696827,0.0277946721486904,0.396511904375173,1
