// {"zmw_effect":["0.8"],"ay_effect":["NA"],"uz_effect":["NA"],"uw_effect":["NA"],"sample_sizes":["4000"],"save":[true],"outdir":["results/"],"n_bootstrap":[64],"n_datasets":[4],"n_dgps":[1],"dgp_start":[1],"dataset_start":[1],"z_bin":[true],"m_bin":[true]}
// {"ubeta":[-0.938],"mbeta":[1.0794,-0.0092,0.8,1.9676],"wbeta":[1.7787,0.6432,0.8,-1.7529],"abeta":[-1.1761,-1.2938,0.7481,-0.4636],"ybeta":[-0.4799,1.1098,1.7388,-1.1514,0.6067,-1.4978],"zbeta":[1.6328,-1.1933,1.5936],"cbeta":[-0.5115,0.2914],"sd_":[1],"true_effect":[1.1106]}
method,estimate,mean,width,coverage
truth,1.11061738738794,0,0,1
backdoor,-0.0321459698842719,-0.0294202365340697,0.160372033938924,1
naive,-1.12471695960204,-1.12280013535782,0.0386442724896865,0
simple,0.765474498627066,0.0461266509563187,1.7668467439201,1
pfd,0.305006944078031,0.360003859167806,1.14188525172298,1
