// {"zmw_effect":["0.8"],"m_bin":[false],"z_bin":[false],"ay_effect":["NA"],"uz_effect":["NA"],"uw_effect":["NA"],"sample_sizes":["4000"],"save":[true],"outdir":["results/"],"n_bootstrap":[64],"n_datasets":[4],"n_dgps":[1],"dgp_start":[1],"dataset_start":[21]}
// {"ubeta":[-0.938],"mbeta":[1.0794,-0.0092,0.8,1.9676],"wbeta":[1.7787,0.6432,0.8,-1.7529],"abeta":[-1.1761,-1.2938,0.7481,-0.4636],"ybeta":[-0.4799,1.1098,1.7388,-1.1514,0.6067,-1.4978],"zbeta":[1.6328,-1.1933,1.5936],"cbeta":[-0.5115,0.2914],"sd_":[1],"true_effect":[1.1159]}
method,estimate,mean,width,coverage
truth,1.11591078413132,0,0,1
backdoor,-0.014744331961507,-0.0147524002262522,0.237358397953538,1
naive,-1.09514418150284,-1.0949925545434,0.107741721224505,0
simple,-2.07283323342479,-2.07971096220864,0.709885836412575,0
pfd,-0.0777653466894432,-0.105706537528997,0.630062932927881,1
