// {"ay_effect":["0.4"],"m_bin":[false],"z_bin":[false],"uz_effect":["NA"],"uw_effect":["NA"],"zmw_effect":["NA"],"sample_sizes":["4000"],"save":[true],"outdir":["results/"],"n_bootstrap":[64],"n_datasets":[1],"n_dgps":[1],"dgp_start":[2],"dataset_start":[61]}
// {"ubeta":[-1.2605],"mbeta":[-0.3789,1.4142,1.9056,-1.0967],"wbeta":[-1.4834,1.3338,-0.1279,0.1999],"abeta":[0.2107,-1.0444,1.0421,-1.2767],"ybeta":[-0.2208,0.4,0.6476,-0.4498,1.3476,-1.398],"zbeta":[-1.3278,1.7754,1.7739],"cbeta":[0.8095,0.2933],"sd_":[1],"true_effect":[-0.4799]}
method,estimate,mean,width,coverage
truth,-0.479896237262246,0,0,1
backdoor,0.0028867754850147,-0.0176238814813975,0.29203554978408,1
naive,-0.384272968890324,-0.370617135392041,0.187282322026757,0
simple,-0.601518493494545,-0.609776214488976,0.32127858243117,0
pfd,-0.069384893464466,-0.0558187609097061,0.339324468060624,1
