// {"ay_effect":["0"],"m_bin":[false],"z_bin":[false],"uz_effect":["NA"],"uw_effect":["NA"],"zmw_effect":["NA"],"sample_sizes":["4000"],"save":[true],"outdir":["results/"],"n_bootstrap":[64],"n_datasets":[1],"n_dgps":[1],"dgp_start":[4],"dataset_start":[24]}
// {"ubeta":[0.3432],"mbeta":[-0.3376,-0.1796,1.8842,0.336],"wbeta":[0.8976,1.6244,1.7962,-1.7074],"abeta":[1.0187,-0.856,-1.5998,1.8163],"ybeta":[1.8488,0,0.858,1.9865,0.0251,-0.0402],"zbeta":[-0.8905,1.2543,-0.9583],"cbeta":[-1.9642,-0.825],"sd_":[1],"true_effect":[-0.3648]}
method,estimate,mean,width,coverage
truth,-0.364838754352265,0,0,1
backdoor,-0.065660967873216,-0.0294145202419709,0.439793765091219,1
naive,0.0308545323702156,0.0206631620482824,0.413092781040643,1
simple,0.305786796733763,0.325129465944779,0.276839185549679,0
pfd,-0.137776780254312,-0.130457536530997,0.586937933429782,1
