// {"zmw_effect":["0.2"],"m_bin":[false],"z_bin":[false],"ay_effect":["NA"],"uz_effect":["NA"],"uw_effect":["NA"],"sample_sizes":["4000"],"save":[true],"outdir":["results/"],"n_bootstrap":[64],"n_datasets":[4],"n_dgps":[1],"dgp_start":[4],"dataset_start":[9]}
// {"ubeta":[0.3432],"mbeta":[-0.3376,-0.1796,0.2,0.336],"wbeta":[0.8976,1.6244,0.2,-1.7074],"abeta":[1.0187,-0.856,-1.5998,1.8163],"ybeta":[1.8488,1.0468,0.858,1.9865,0.0251,-0.0402],"zbeta":[-0.8905,1.2543,-0.9583],"cbeta":[-1.9642,-0.825],"sd_":[1],"true_effect":[0.6892]}
method,estimate,mean,width,coverage
truth,0.689161192744943,0,0,1
backdoor,0.164030199192752,0.188603194545376,0.439094819865578,1
naive,-0.940726092325474,-0.941464975022759,0.405692398985947,0
simple,0.393610300498196,0.411084002882383,0.604030979069758,0
pfd,0.183861617646932,0.189833915883194,0.56171146224533,1
