// {"zmw_effect":["0"],"ay_effect":["NA"],"uz_effect":["NA"],"uw_effect":["NA"],"sample_sizes":["4000"],"save":[true],"outdir":["results/"],"n_bootstrap":[64],"n_datasets":[4],"n_dgps":[1],"dgp_start":[2],"dataset_start":[41],"z_bin":[true],"m_bin":[true]}
// {"ubeta":[-1.2605],"mbeta":[-0.3789,1.4142,0,-1.0967],"wbeta":[-1.4834,1.3338,0,0.1999],"abeta":[0.2107,-1.0444,1.0421,-1.2767],"ybeta":[-0.2208,-1.7001,0.6476,-0.4498,1.3476,-1.398],"zbeta":[-1.3278,1.7754,1.7739],"cbeta":[0.8095,0.2933],"sd_":[1],"true_effect":[-1.8492]}
method,estimate,mean,width,coverage
truth,-1.84921289141196,0,0,1
backdoor,0.0228877914689769,0.0178395143271619,0.291539807290239,1
naive,1.50245092544461,1.49872695814786,0.158701610008715,0
simple,0.0501395946893282,0.0491194686053356,0.205512609141918,1
pfd,0.0952071493209128,0.0842513335376669,0.22231875233127,1
