// {"ay_effect":["0.4"],"m_bin":[false],"z_bin":[false],"uz_effect":["NA"],"uw_effect":["NA"],"zmw_effect":["NA"],"sample_sizes":["4000"],"save":[true],"outdir":["results/"],"n_bootstrap":[64],"n_datasets":[1],"n_dgps":[1],"dgp_start":[4],"dataset_start":[26]}
// {"ubeta":[0.3432],"mbeta":[-0.3376,-0.1796,1.8842,0.336],"wbeta":[0.8976,1.6244,1.7962,-1.7074],"abeta":[1.0187,-0.856,-1.5998,1.8163],"ybeta":[1.8488,0.4,0.858,1.9865,0.0251,-0.0402],"zbeta":[-0.8905,1.2543,-0.9583],"cbeta":[-1.9642,-0.825],"sd_":[1],"true_effect":[0.0352]}
method,estimate,mean,width,coverage
truth,0.0351612456477352,0,0,1
backdoor,-0.111345243952203,-0.0904945557727825,0.481193364313619,1
naive,-0.464651158407085,-0.434966366219618,0.401919989107954,0
simple,0.375600964402818,0.385031891545039,0.348707442509149,0
pfd,-0.205784114454899,-0.190927833509061,0.443021374519918,1
