// {"zmw_effect":["0"],"m_bin":[false],"z_bin":[false],"ay_effect":["NA"],"uz_effect":["NA"],"uw_effect":["NA"],"sample_sizes":["4000"],"save":[true],"outdir":["results/"],"n_bootstrap":[64],"n_datasets":[4],"n_dgps":[1],"dgp_start":[1],"dataset_start":[13]}
// {"ubeta":[-0.938],"mbeta":[1.0794,-0.0092,0,1.9676],"wbeta":[1.7787,0.6432,0,-1.7529],"abeta":[-1.1761,-1.2938,0.7481,-0.4636],"ybeta":[-0.4799,1.1098,1.7388,-1.1514,0.6067,-1.4978],"zbeta":[1.6328,-1.1933,1.5936],"cbeta":[-0.5115,0.2914],"sd_":[1],"true_effect":[1.1204]}
method,estimate,mean,width,coverage
truth,1.12037753123899,0,0,1
backdoor,-0.0499599449666912,-0.0550360058106101,0.297467023913988,1
naive,-1.1685519139801,-1.17405954022267,0.23328096987468,0
simple,-0.190789857916362,-0.18049582187557,0.567856861247616,1
pfd,-0.255866435930072,-0.259478785269405,0.565747853258525,1
