// {"zmw_effect":["0.4"],"m_bin":[false],"z_bin":[false],"ay_effect":["NA"],"uz_effect":["NA"],"uw_effect":["NA"],"sample_sizes":["4000"],"save":[true],"outdir":["results/"],"n_bootstrap":[64],"n_datasets":[4],"n_dgps":[1],"dgp_start":[2],"dataset_start":[53]}
// {"ubeta":[-1.2605],"mbeta":[-0.3789,1.4142,0.4,-1.0967],"wbeta":[-1.4834,1.3338,0.4,0.1999],"abeta":[0.2107,-1.0444,1.0421,-1.2767],"ybeta":[-0.2208,-1.7001,0.6476,-0.4498,1.3476,-1.398],"zbeta":[-1.3278,1.7754,1.7739],"cbeta":[0.8095,0.2933],"sd_":[1],"true_effect":[-1.5739]}
method,estimate,mean,width,coverage
truth,-1.57390672248832,0,0,1
backdoor,0.0369285619933426,0.0379305509800194,0.273818050272691,1
naive,1.21060773402686,1.2059295896273,0.186013799296056,0
simple,-0.956011782289211,-0.952986576975613,0.239268373601438,0
pfd,-0.0358423901017015,-0.0197605584654144,0.298028522701435,1
