// {"zmw_effect":["0.2"],"ay_effect":["NA"],"uz_effect":["NA"],"uw_effect":["NA"],"sample_sizes":["4000"],"save":[true],"outdir":["results/"],"n_bootstrap":[64],"n_datasets":[4],"n_dgps":[1],"dgp_start":[1],"dataset_start":[53],"z_bin":[true],"m_bin":[true]}
// {"ubeta":[-0.938],"mbeta":[1.0794,-0.0092,0.2,1.9676],"wbeta":[1.7787,0.6432,0.2,-1.7529],"abeta":[-1.1761,-1.2938,0.7481,-0.4636],"ybeta":[-0.4799,1.1098,1.7388,-1.1514,0.6067,-1.4978],"zbeta":[1.6328,-1.1933,1.5936],"cbeta":[-0.5115,0.2914],"sd_":[1],"true_effect":[1.1115]}
method,estimate,mean,width,coverage
truth,1.11145057062033,0,0,1
backdoor,-0.0279310853314561,-0.0303623946112581,0.180525500675621,1
naive,-1.13753563588662,-1.13994956787125,0.0585675648214265,0
simple,-0.874612545035804,-0.452716792034313,1.18351159396316,1
pfd,-0.00568115208281883,0.114829893792824,1.16779733184726,1
