// {"zmw_effect":["0"],"ay_effect":["NA"],"uz_effect":["NA"],"uw_effect":["NA"],"sample_sizes":["4000"],"save":[true],"outdir":["results/"],"n_bootstrap":[64],"n_datasets":[4],"n_dgps":[1],"dgp_start":[1],"dataset_start":[53],"z_bin":[true],"m_bin":[true]}
// {"ubeta":[-0.938],"mbeta":[1.0794,-0.0092,0,1.9676],"wbeta":[1.7787,0.6432,0,-1.7529],"abeta":[-1.1761,-1.2938,0.7481,-0.4636],"ybeta":[-0.4799,1.1098,1.7388,-1.1514,0.6067,-1.4978],"zbeta":[1.6328,-1.1933,1.5936],"cbeta":[-0.5115,0.2914],"sd_":[1],"true_effect":[1.1118]}
method,estimate,mean,width,coverage
truth,1.11179137354698,0,0,1
backdoor,-0.0386266474465935,-0.0491412749119253,0.184541515629251,1
naive,-1.12654902792692,-1.12385598736384,0.0548911703963464,0
simple,-0.177115772475558,-0.142479089128179,0.705238104345318,1
pfd,0.0580450220864581,0.0999273748353604,1.16271433502891,1
