// {"ay_effect":["0.4"],"m_bin":[false],"z_bin":[false],"uz_effect":["NA"],"uw_effect":["NA"],"zmw_effect":["NA"],"sample_sizes":["4000"],"save":[true],"outdir":["results/"],"n_bootstrap":[64],"n_datasets":[1],"n_dgps":[1],"dgp_start":[3],"dataset_start":[59]}
// {"ubeta":[-1.3278],"mbeta":[1.4717,1.3188,-1.5542,0.8148],"wbeta":[-1.5015,-0.8216,0.3104,0.5239],"abeta":[0.0481,0.0201,0.1361,0.229],"ybeta":[1.59,0.4,-1.0872,-1.9387,-1.4841,-1.6265],"zbeta":[-0.6891,0.4084,0.4176],"cbeta":[1.2301,-0.4602],"sd_":[1],"true_effect":[-2.7644]}
method,estimate,mean,width,coverage
truth,-2.76440662767864,0,0,1
backdoor,-0.0161795439835331,-0.0267108346924601,0.335888885732448,1
naive,-0.273989753189397,-0.280350354547948,0.344805319352198,0
simple,2.18715174193107,2.19299256191671,0.593329753730937,0
pfd,0.0746791218095542,0.0807175540326774,0.380232340352415,1
