// {"ay_effect":["0.4"],"m_bin":[false],"z_bin":[false],"uz_effect":["NA"],"uw_effect":["NA"],"zmw_effect":["NA"],"sample_sizes":["4000"],"save":[true],"outdir":["results/"],"n_bootstrap":[64],"n_datasets":[1],"n_dgps":[1],"dgp_start":[4],"dataset_start":[20]}
// {"ubeta":[0.3432],"mbeta":[-0.3376,-0.1796,1.8842,0.336],"wbeta":[0.8976,1.6244,1.7962,-1.7074],"abeta":[1.0187,-0.856,-1.5998,1.8163],"ybeta":[1.8488,0.4,0.858,1.9865,0.0251,-0.0402],"zbeta":[-0.8905,1.2543,-0.9583],"cbeta":[-1.9642,-0.825],"sd_":[1],"true_effect":[0.0352]}
method,estimate,mean,width,coverage
truth,0.0351612456477352,0,0,1
backdoor,0.0488658359495638,0.0471660549491315,0.474436695809333,1
naive,-0.403990656812755,-0.402993259442662,0.327497921571547,0
simple,0.474335751651147,0.478634922031937,0.351215165983089,0
pfd,-8.87917917691342e-05,-0.00960862120606179,0.491297472347397,1
