// {"zmw_effect":["0.4"],"m_bin":[false],"z_bin":[false],"ay_effect":["NA"],"uz_effect":["NA"],"uw_effect":["NA"],"sample_sizes":["4000"],"save":[true],"outdir":["results/"],"n_bootstrap":[64],"n_datasets":[4],"n_dgps":[1],"dgp_start":[3],"dataset_start":[49]}
// {"ubeta":[-1.3278],"mbeta":[1.4717,1.3188,0.4,0.8148],"wbeta":[-1.5015,-0.8216,0.4,0.5239],"abeta":[0.0481,0.0201,0.1361,0.229],"ybeta":[1.59,-0.8811,-1.0872,-1.9387,-1.4841,-1.6265],"zbeta":[-0.6891,0.4084,0.4176],"cbeta":[1.2301,-0.4602],"sd_":[1],"true_effect":[-4.2208]}
method,estimate,mean,width,coverage
truth,-4.22076818549332,0,0,1
backdoor,0.0069115884326445,0.0237937285410652,0.374252279569923,1
naive,0.546813878112782,0.532681413758549,0.36259800228106,0
simple,-5.61345630172801,-5.98464738163358,6.10320902744357,0
pfd,-0.0053919181698765,-0.0320679299446089,0.452483944943502,1
