// {"zmw_effect":["0.2"],"m_bin":[false],"z_bin":[false],"ay_effect":["NA"],"uz_effect":["NA"],"uw_effect":["NA"],"sample_sizes":["4000"],"save":[true],"outdir":["results/"],"n_bootstrap":[64],"n_datasets":[4],"n_dgps":[1],"dgp_start":[4],"dataset_start":[41]}
// {"ubeta":[0.3432],"mbeta":[-0.3376,-0.1796,0.2,0.336],"wbeta":[0.8976,1.6244,0.2,-1.7074],"abeta":[1.0187,-0.856,-1.5998,1.8163],"ybeta":[1.8488,1.0468,0.858,1.9865,0.0251,-0.0402],"zbeta":[-0.8905,1.2543,-0.9583],"cbeta":[-1.9642,-0.825],"sd_":[1],"true_effect":[0.6892]}
method,estimate,mean,width,coverage
truth,0.689161192744943,0,0,1
backdoor,0.0739785513950093,0.0722013431401989,0.404611010066843,1
naive,-0.9595074208204,-0.968638498206759,0.455657096911672,0
simple,0.32205579632474,0.349317873484314,0.516466923991917,0
pfd,0.0825061994899186,0.0813325239499455,0.547027811735639,1
