// {"zmw_effect":["0.8"],"ay_effect":["NA"],"uz_effect":["NA"],"uw_effect":["NA"],"sample_sizes":["4000"],"save":[true],"outdir":["results/"],"n_bootstrap":[64],"n_datasets":[4],"n_dgps":[1],"dgp_start":[2],"dataset_start":[1],"z_bin":[true],"m_bin":[true]}
// {"ubeta":[-1.2605],"mbeta":[-0.3789,1.4142,0.8,-1.0967],"wbeta":[-1.4834,1.3338,0.8,0.1999],"abeta":[0.2107,-1.0444,1.0421,-1.2767],"ybeta":[-0.2208,-1.7001,0.6476,-0.4498,1.3476,-1.398],"zbeta":[-1.3278,1.7754,1.7739],"cbeta":[0.8095,0.2933],"sd_":[1],"true_effect":[-1.5001]}
method,estimate,mean,width,coverage
truth,-1.5001048674761,0,0,1
backdoor,-0.0628218415707897,-0.0611943678270255,0.262109610618942,1
naive,1.42715467464537,1.42846718316984,0.111615958173827,0
simple,-0.441281282608909,-0.435954031368954,0.199399727440764,0
pfd,0.0216185522373193,0.0314365279326829,0.257731704134166,1
