// {"zmw_effect":["0.8"],"m_bin":[false],"z_bin":[false],"ay_effect":["NA"],"uz_effect":["NA"],"uw_effect":["NA"],"sample_sizes":["4000"],"save":[true],"outdir":["results/"],"n_bootstrap":[64],"n_datasets":[4],"n_dgps":[1],"dgp_start":[2],"dataset_start":[1]}
// {"ubeta":[-1.2605],"mbeta":[-0.3789,1.4142,0.8,-1.0967],"wbeta":[-1.4834,1.3338,0.8,0.1999],"abeta":[0.2107,-1.0444,1.0421,-1.2767],"ybeta":[-0.2208,-1.7001,0.6476,-0.4498,1.3476,-1.398],"zbeta":[-1.3278,1.7754,1.7739],"cbeta":[0.8095,0.2933],"sd_":[1],"true_effect":[-0.8116]}
method,estimate,mean,width,coverage
truth,-0.811624179784357,0,0,1
backdoor,0.085015811654232,0.0931445811107718,0.267564857492885,1
naive,1.22808020686779,1.21663925226454,0.167378827744412,0
simple,-1.63104874800691,-1.62645395849351,0.229998525412945,0
pfd,0.0510802878090296,0.0306582458700436,0.346929985740531,1
