// {"zmw_effect":["0.8"],"m_bin":[false],"z_bin":[false],"ay_effect":["NA"],"uz_effect":["NA"],"uw_effect":["NA"],"sample_sizes":["4000"],"save":[true],"outdir":["results/"],"n_bootstrap":[64],"n_datasets":[4],"n_dgps":[1],"dgp_start":[3],"dataset_start":[57]}
// {"ubeta":[-1.3278],"mbeta":[1.4717,1.3188,0.8,0.8148],"wbeta":[-1.5015,-0.8216,0.8,0.5239],"abeta":[0.0481,0.0201,0.1361,0.229],"ybeta":[1.59,-0.8811,-1.0872,-1.9387,-1.4841,-1.6265],"zbeta":[-0.6891,0.4084,0.4176],"cbeta":[1.2301,-0.4602],"sd_":[1],"true_effect":[-5.0037]}
method,estimate,mean,width,coverage
truth,-5.00366742074594,0,0,1
backdoor,0.242562463113696,0.234497794580079,0.471182484207193,1
naive,0.756148689992835,0.759749426907963,0.339336006260072,0
simple,5.86805467097184,5.89478134018124,1.50028052576958,0
pfd,0.242235409150047,0.23236786801294,0.507458112562938,0
