// {"zmw_effect":["0.4"],"ay_effect":["NA"],"uz_effect":["NA"],"uw_effect":["NA"],"sample_sizes":["4000"],"save":[true],"outdir":["results/"],"n_bootstrap":[64],"n_datasets":[4],"n_dgps":[1],"dgp_start":[3],"dataset_start":[57],"z_bin":[true],"m_bin":[true]}
// {"ubeta":[-1.3278],"mbeta":[1.4717,1.3188,0.4,0.8148],"wbeta":[-1.5015,-0.8216,0.4,0.5239],"abeta":[0.0481,0.0201,0.1361,0.229],"ybeta":[1.59,-0.8811,-1.0872,-1.9387,-1.4841,-1.6265],"zbeta":[-0.6891,0.4084,0.4176],"cbeta":[1.2301,-0.4602],"sd_":[1],"true_effect":[-1.1724]}
method,estimate,mean,width,coverage
truth,-1.17237510479554,0,0,1
backdoor,0.127589314190416,0.121414388665077,0.252110060560224,1
naive,1.07110848208072,1.07167331329339,0.07334864898635,0
simple,0.125403989728843,0.131191362092639,0.290821508985485,1
pfd,0.121592347370517,0.134215100336654,0.324664268985467,1
