// {"zmw_effect":["0.4"],"ay_effect":["NA"],"uz_effect":["NA"],"uw_effect":["NA"],"sample_sizes":["4000"],"save":[true],"outdir":["results/"],"n_bootstrap":[64],"n_datasets":[4],"n_dgps":[1],"dgp_start":[2],"dataset_start":[45],"z_bin":[true],"m_bin":[true]}
// {"ubeta":[-1.2605],"mbeta":[-0.3789,1.4142,0.4,-1.0967],"wbeta":[-1.4834,1.3338,0.4,0.1999],"abeta":[0.2107,-1.0444,1.0421,-1.2767],"ybeta":[-0.2208,-1.7001,0.6476,-0.4498,1.3476,-1.398],"zbeta":[-1.3278,1.7754,1.7739],"cbeta":[0.8095,0.2933],"sd_":[1],"true_effect":[-1.671]}
method,estimate,mean,width,coverage
truth,-1.67097270375837,0,0,1
backdoor,-0.00461522895938771,-0.0038537854180698,0.206496843316798,1
naive,1.46328042693989,1.46645247438336,0.140996904719698,0
simple,-0.376330604870853,-0.381398538851577,0.211102219111568,0
pfd,-0.167796439403763,-0.168101059634878,0.270138521359023,0
