// {"zmw_effect":["0.8"],"ay_effect":["NA"],"uz_effect":["NA"],"uw_effect":["NA"],"sample_sizes":["4000"],"save":[true],"outdir":["results/"],"n_bootstrap":[64],"n_datasets":[4],"n_dgps":[1],"dgp_start":[4],"dataset_start":[13],"z_bin":[true],"m_bin":[true]}
// {"ubeta":[0.3432],"mbeta":[-0.3376,-0.1796,0.8,0.336],"wbeta":[0.8976,1.6244,0.8,-1.7074],"abeta":[1.0187,-0.856,-1.5998,1.8163],"ybeta":[1.8488,1.0468,0.858,1.9865,0.0251,-0.0402],"zbeta":[-0.8905,1.2543,-0.9583],"cbeta":[-1.9642,-0.825],"sd_":[1],"true_effect":[0.96]}
method,estimate,mean,width,coverage
truth,0.96004831620211,0,0,1
backdoor,0.0224562855671737,0.0338251962101387,0.278230346115014,1
naive,-1.03063345494641,-1.03449226468955,0.18693054828064,0
simple,0.154366759798838,0.124768816511516,0.275051021631062,0
pfd,0.0750386084942544,0.0647861209595851,0.345710457796831,1
