// {"zmw_effect":["0.2"],"ay_effect":["NA"],"uz_effect":["NA"],"uw_effect":["NA"],"sample_sizes":["4000"],"save":[true],"outdir":["results/"],"n_bootstrap":[64],"n_datasets":[4],"n_dgps":[1],"dgp_start":[3],"dataset_start":[5],"z_bin":[true],"m_bin":[true]}
// {"ubeta":[-1.3278],"mbeta":[1.4717,1.3188,0.2,0.8148],"wbeta":[-1.5015,-0.8216,0.2,0.5239],"abeta":[0.0481,0.0201,0.1361,0.229],"ybeta":[1.59,-0.8811,-1.0872,-1.9387,-1.4841,-1.6265],"zbeta":[-0.6891,0.4084,0.4176],"cbeta":[1.2301,-0.4602],"sd_":[1],"true_effect":[-1.1528]}
method,estimate,mean,width,coverage
truth,-1.15279628742777,0,0,1
backdoor,0.0465760457145716,0.0368668078018803,0.209398497776323,1
naive,1.05534868650229,1.05177626827391,0.0715224669172187,0
simple,0.0619145475197385,0.0615782583174922,0.200187552908291,1
pfd,0.136313224547049,0.117732608093245,0.353145852362263,1
