// {"zmw_effect":["0.2"],"ay_effect":["NA"],"uz_effect":["NA"],"uw_effect":["NA"],"sample_sizes":["4000"],"save":[true],"outdir":["results/"],"n_bootstrap":[64],"n_datasets":[4],"n_dgps":[1],"dgp_start":[1],"dataset_start":[33],"z_bin":[true],"m_bin":[true]}
// {"ubeta":[-0.938],"mbeta":[1.0794,-0.0092,0.2,1.9676],"wbeta":[1.7787,0.6432,0.2,-1.7529],"abeta":[-1.1761,-1.2938,0.7481,-0.4636],"ybeta":[-0.4799,1.1098,1.7388,-1.1514,0.6067,-1.4978],"zbeta":[1.6328,-1.1933,1.5936],"cbeta":[-0.5115,0.2914],"sd_":[1],"true_effect":[1.1115]}
method,estimate,mean,width,coverage
truth,1.11145057062033,0,0,1
backdoor,0.070468288164766,0.0544750399528298,0.169582404461579,1
naive,-1.1145472533088,-1.11359943468614,0.0530677917905714,0
simple,0.114859692884591,0.206701138608804,1.12905136240119,1
pfd,0.00554118389662239,0.0601850023305499,0.804862468178797,1
