// {"zmw_effect":["0.8"],"ay_effect":["NA"],"uz_effect":["NA"],"uw_effect":["NA"],"sample_sizes":["4000"],"save":[true],"outdir":["results/"],"n_bootstrap":[64],"n_datasets":[4],"n_dgps":[1],"dgp_start":[3],"dataset_start":[53],"z_bin":[true],"m_bin":[true]}
// {"ubeta":[-1.3278],"mbeta":[1.4717,1.3188,0.8,0.8148],"wbeta":[-1.5015,-0.8216,0.8,0.5239],"abeta":[0.0481,0.0201,0.1361,0.229],"ybeta":[1.59,-0.8811,-1.0872,-1.9387,-1.4841,-1.6265],"zbeta":[-0.6891,0.4084,0.4176],"cbeta":[1.2301,-0.4602],"sd_":[1],"true_effect":[-1.2072]}
method,estimate,mean,width,coverage
truth,-1.20716665036243,0,0,1
backdoor,0.184440838028901,0.174695863161079,0.259697556647258,0
naive,1.07463449529878,1.07309592551949,0.0907001897970059,0
simple,0.192545000366909,0.192907677244162,0.265725803269388,0
pfd,0.182498070331531,0.203289114744306,0.163141946832341,0
