// {"zmw_effect":["0.2"],"ay_effect":["NA"],"uz_effect":["NA"],"uw_effect":["NA"],"sample_sizes":["4000"],"save":[true],"outdir":["results/"],"n_bootstrap":[64],"n_datasets":[4],"n_dgps":[1],"dgp_start":[1],"dataset_start":[25],"z_bin":[true],"m_bin":[true]}
// {"ubeta":[-0.938],"mbeta":[1.0794,-0.0092,0.2,1.9676],"wbeta":[1.7787,0.6432,0.2,-1.7529],"abeta":[-1.1761,-1.2938,0.7481,-0.4636],"ybeta":[-0.4799,1.1098,1.7388,-1.1514,0.6067,-1.4978],"zbeta":[1.6328,-1.1933,1.5936],"cbeta":[-0.5115,0.2914],"sd_":[1],"true_effect":[1.1115]}
method,estimate,mean,width,coverage
truth,1.11145057062033,0,0,1
backdoor,0.0256866138911342,0.0195787450950387,0.184041497736371,1
naive,-1.11905605797274,-1.12434995349885,0.0564759210628167,0
simple,-0.121814556721873,-0.137790634544038,1.01019290725779,1
pfd,-0.203194050494421,-0.174785972261801,0.761496164780113,1
