// {"zmw_effect":["0.4"],"ay_effect":["NA"],"uz_effect":["NA"],"uw_effect":["NA"],"sample_sizes":["4000"],"save":[true],"outdir":["results/"],"n_bootstrap":[64],"n_datasets":[4],"n_dgps":[1],"dgp_start":[1],"dataset_start":[45],"z_bin":[true],"m_bin":[true]}
// {"ubeta":[-0.938],"mbeta":[1.0794,-0.0092,0.4,1.9676],"wbeta":[1.7787,0.6432,0.4,-1.7529],"abeta":[-1.1761,-1.2938,0.7481,-0.4636],"ybeta":[-0.4799,1.1098,1.7388,-1.1514,0.6067,-1.4978],"zbeta":[1.6328,-1.1933,1.5936],"cbeta":[-0.5115,0.2914],"sd_":[1],"true_effect":[1.1111]}
method,estimate,mean,width,coverage
truth,1.11113906344869,0,0,1
backdoor,0.0199119227510314,0.0109630577842672,0.16394139053528,1
naive,-1.12017369774821,-1.11752104253979,0.0553259034670529,0
simple,0.0384744439046529,0.027092797082354,1.05792831076762,1
pfd,-0.0579781694368724,-0.010871393313191,0.896394680549179,1
