// {"zmw_effect":["0.2"],"m_bin":[false],"z_bin":[false],"ay_effect":["NA"],"uz_effect":["NA"],"uw_effect":["NA"],"sample_sizes":["4000"],"save":[true],"outdir":["results/"],"n_bootstrap":[64],"n_datasets":[4],"n_dgps":[1],"dgp_start":[4],"dataset_start":[49]}
// {"ubeta":[0.3432],"mbeta":[-0.3376,-0.1796,0.2,0.336],"wbeta":[0.8976,1.6244,0.2,-1.7074],"abeta":[1.0187,-0.856,-1.5998,1.8163],"ybeta":[1.8488,1.0468,0.858,1.9865,0.0251,-0.0402],"zbeta":[-0.8905,1.2543,-0.9583],"cbeta":[-1.9642,-0.825],"sd_":[1],"true_effect":[0.6892]}
method,estimate,mean,width,coverage
truth,0.689161192744943,0,0,1
backdoor,-0.138987580008019,-0.122984377141521,0.435304835368552,1
naive,-1.14234522802145,-1.12682798384297,0.324987832421491,0
simple,0.0852342503974494,0.0855595150360587,0.564354345409427,1
pfd,-0.125605622756147,-0.104032872177063,0.475527715798634,1
