// {"zmw_effect":["0.4"],"ay_effect":["NA"],"uz_effect":["NA"],"uw_effect":["NA"],"sample_sizes":["4000"],"save":[true],"outdir":["results/"],"n_bootstrap":[64],"n_datasets":[4],"n_dgps":[1],"dgp_start":[1],"dataset_start":[29],"z_bin":[true],"m_bin":[true]}
// {"ubeta":[-0.938],"mbeta":[1.0794,-0.0092,0.4,1.9676],"wbeta":[1.7787,0.6432,0.4,-1.7529],"abeta":[-1.1761,-1.2938,0.7481,-0.4636],"ybeta":[-0.4799,1.1098,1.7388,-1.1514,0.6067,-1.4978],"zbeta":[1.6328,-1.1933,1.5936],"cbeta":[-0.5115,0.2914],"sd_":[1],"true_effect":[1.1111]}
method,estimate,mean,width,coverage
truth,1.11113906344869,0,0,1
backdoor,0.0409760970972359,0.0484616700815939,0.176074632100307,1
naive,-1.11091050493823,-1.11032707988647,0.0441371486155639,0
simple,-0.896528501990963,-0.0171598673670064,1.35505288651327,1
pfd,-0.0478994749333632,0.00777573101174012,1.22889225912022,1
