// {"zmw_effect":["0.8"],"m_bin":[false],"z_bin":[false],"ay_effect":["NA"],"uz_effect":["NA"],"uw_effect":["NA"],"sample_sizes":["4000"],"save":[true],"outdir":["results/"],"n_bootstrap":[64],"n_datasets":[4],"n_dgps":[1],"dgp_start":[2],"dataset_start":[25]}
// {"ubeta":[-1.2605],"mbeta":[-0.3789,1.4142,0.8,-1.0967],"wbeta":[-1.4834,1.3338,0.8,0.1999],"abeta":[0.2107,-1.0444,1.0421,-1.2767],"ybeta":[-0.2208,-1.7001,0.6476,-0.4498,1.3476,-1.398],"zbeta":[-1.3278,1.7754,1.7739],"cbeta":[0.8095,0.2933],"sd_":[1],"true_effect":[-0.8116]}
method,estimate,mean,width,coverage
truth,-0.811624179784357,0,0,1
backdoor,-0.0800643807899516,-0.0817200868273333,0.339730781757735,1
naive,1.26058431104127,1.25047812693647,0.186086844788935,0
simple,-1.7630318137658,-1.76096507803352,0.196186037857689,0
pfd,0.0411954803029885,0.0180201660829745,0.413418656173169,1
