// {"ay_effect":["0"],"m_bin":[false],"z_bin":[false],"uz_effect":["NA"],"uw_effect":["NA"],"zmw_effect":["NA"],"sample_sizes":["4000"],"save":[true],"outdir":["results/"],"n_bootstrap":[64],"n_datasets":[1],"n_dgps":[1],"dgp_start":[2],"dataset_start":[58]}
// {"ubeta":[-1.2605],"mbeta":[-0.3789,1.4142,1.9056,-1.0967],"wbeta":[-1.4834,1.3338,-0.1279,0.1999],"abeta":[0.2107,-1.0444,1.0421,-1.2767],"ybeta":[-0.2208,0,0.6476,-0.4498,1.3476,-1.398],"zbeta":[-1.3278,1.7754,1.7739],"cbeta":[0.8095,0.2933],"sd_":[1],"true_effect":[-0.8799]}
method,estimate,mean,width,coverage
truth,-0.879896237262246,0,0,1
backdoor,-0.0158930426606605,0.00366361397042803,0.29393610398131,1
naive,-0.133893298425608,-0.130474865377724,0.174412826072049,0
simple,-0.722372423204914,-0.723459655316528,0.284490550363392,0
pfd,0.0780100463229397,0.0829976803174475,0.423159343848058,1
