// {"ay_effect":["0"],"m_bin":[false],"z_bin":[false],"uz_effect":["NA"],"uw_effect":["NA"],"zmw_effect":["NA"],"sample_sizes":["4000"],"save":[true],"outdir":["results/"],"n_bootstrap":[64],"n_datasets":[1],"n_dgps":[1],"dgp_start":[2],"dataset_start":[40]}
// {"ubeta":[-1.2605],"mbeta":[-0.3789,1.4142,1.9056,-1.0967],"wbeta":[-1.4834,1.3338,-0.1279,0.1999],"abeta":[0.2107,-1.0444,1.0421,-1.2767],"ybeta":[-0.2208,0,0.6476,-0.4498,1.3476,-1.398],"zbeta":[-1.3278,1.7754,1.7739],"cbeta":[0.8095,0.2933],"sd_":[1],"true_effect":[-0.8799]}
method,estimate,mean,width,coverage
truth,-0.879896237262246,0,0,1
backdoor,-0.0817630285931588,-0.0812229100539443,0.344846006539515,1
naive,-0.0867279600997208,-0.0863603438062004,0.206297447787123,1
simple,-0.728166130130938,-0.735038053347384,0.357898411985118,0
pfd,0.0561156187419483,0.0630669523958869,0.565026135269084,1
