// {"zmw_effect":["0.2"],"ay_effect":["NA"],"uz_effect":["NA"],"uw_effect":["NA"],"sample_sizes":["4000"],"save":[true],"outdir":["results/"],"n_bootstrap":[64],"n_datasets":[4],"n_dgps":[1],"dgp_start":[3],"dataset_start":[9],"z_bin":[true],"m_bin":[true]}
// {"ubeta":[-1.3278],"mbeta":[1.4717,1.3188,0.2,0.8148],"wbeta":[-1.5015,-0.8216,0.2,0.5239],"abeta":[0.0481,0.0201,0.1361,0.229],"ybeta":[1.59,-0.8811,-1.0872,-1.9387,-1.4841,-1.6265],"zbeta":[-0.6891,0.4084,0.4176],"cbeta":[1.2301,-0.4602],"sd_":[1],"true_effect":[-1.1528]}
method,estimate,mean,width,coverage
truth,-1.15279628742777,0,0,1
backdoor,0.181135538245735,0.174494633169538,0.239335639418891,0
naive,1.07208428902391,1.06960261261698,0.0697995303574771,0
simple,0.183297122330871,0.175082476235126,0.229622967636329,0
pfd,0.252497379228688,0.24000282236145,0.358148329120062,0
