// {"zmw_effect":["0.2"],"m_bin":[false],"z_bin":[false],"ay_effect":["NA"],"uz_effect":["NA"],"uw_effect":["NA"],"sample_sizes":["4000"],"save":[true],"outdir":["results/"],"n_bootstrap":[64],"n_datasets":[4],"n_dgps":[1],"dgp_start":[2],"dataset_start":[9]}
// {"ubeta":[-1.2605],"mbeta":[-0.3789,1.4142,0.2,-1.0967],"wbeta":[-1.4834,1.3338,0.2,0.1999],"abeta":[0.2107,-1.0444,1.0421,-1.2767],"ybeta":[-0.2208,-1.7001,0.6476,-0.4498,1.3476,-1.398],"zbeta":[-1.3278,1.7754,1.7739],"cbeta":[0.8095,0.2933],"sd_":[1],"true_effect":[-1.955]}
method,estimate,mean,width,coverage
truth,-1.9550479938403,0,0,1
backdoor,0.0122626594226909,0.0181286120899973,0.31001365950197,1
naive,1.25254153925983,1.24416570974439,0.197434012853466,0
simple,-0.475187775705027,-0.470106706751666,0.144847680491338,0
pfd,-0.00615026607024816,-0.0261244635808484,0.327245101041842,1
