// {"zmw_effect":["0.4"],"ay_effect":["NA"],"uz_effect":["NA"],"uw_effect":["NA"],"sample_sizes":["4000"],"save":[true],"outdir":["results/"],"n_bootstrap":[64],"n_datasets":[4],"n_dgps":[1],"dgp_start":[3],"dataset_start":[21],"z_bin":[true],"m_bin":[true]}
// {"ubeta":[-1.3278],"mbeta":[1.4717,1.3188,0.4,0.8148],"wbeta":[-1.5015,-0.8216,0.4,0.5239],"abeta":[0.0481,0.0201,0.1361,0.229],"ybeta":[1.59,-0.8811,-1.0872,-1.9387,-1.4841,-1.6265],"zbeta":[-0.6891,0.4084,0.4176],"cbeta":[1.2301,-0.4602],"sd_":[1],"true_effect":[-1.1724]}
method,estimate,mean,width,coverage
truth,-1.17237510479554,0,0,1
backdoor,0.14768276799546,0.155500323214516,0.204836777304522,0
naive,1.05410625048284,1.05701661501391,0.0569474840179443,0
simple,0.137232080530044,0.141549967034356,0.284930555940942,0
pfd,0.266002156498996,0.27429797639339,0.454608691705282,0
