// {"ay_effect":["0.8"],"m_bin":[false],"z_bin":[false],"uz_effect":["NA"],"uw_effect":["NA"],"zmw_effect":["NA"],"sample_sizes":["4000"],"save":[true],"outdir":["results/"],"n_bootstrap":[64],"n_datasets":[1],"n_dgps":[1],"dgp_start":[3],"dataset_start":[32]}
// {"ubeta":[-1.3278],"mbeta":[1.4717,1.3188,-1.5542,0.8148],"wbeta":[-1.5015,-0.8216,0.3104,0.5239],"abeta":[0.0481,0.0201,0.1361,0.229],"ybeta":[1.59,0.8,-1.0872,-1.9387,-1.4841,-1.6265],"zbeta":[-0.6891,0.4084,0.4176],"cbeta":[1.2301,-0.4602],"sd_":[1],"true_effect":[-2.3644]}
method,estimate,mean,width,coverage
truth,-2.36440662767864,0,0,1
backdoor,0.200478129481576,0.210602605698569,0.361820915067666,0
naive,-0.431410510778883,-0.439934384299856,0.249680156125383,0
simple,1.99698378112097,2.01439191298736,0.748125564912218,0
pfd,0.229767060944665,0.215668434605295,0.462097709949844,1
