// {"zmw_effect":["0"],"ay_effect":["NA"],"uz_effect":["NA"],"uw_effect":["NA"],"sample_sizes":["4000"],"save":[true],"outdir":["results/"],"n_bootstrap":[64],"n_datasets":[4],"n_dgps":[1],"dgp_start":[1],"dataset_start":[25],"z_bin":[true],"m_bin":[true]}
// {"ubeta":[-0.938],"mbeta":[1.0794,-0.0092,0,1.9676],"wbeta":[1.7787,0.6432,0,-1.7529],"abeta":[-1.1761,-1.2938,0.7481,-0.4636],"ybeta":[-0.4799,1.1098,1.7388,-1.1514,0.6067,-1.4978],"zbeta":[1.6328,-1.1933,1.5936],"cbeta":[-0.5115,0.2914],"sd_":[1],"true_effect":[1.1118]}
method,estimate,mean,width,coverage
truth,1.11179137354698,0,0,1
backdoor,-0.000623859888736034,0.00986936593947196,0.191658663813515,1
naive,-1.10910458552555,-1.1084977274433,0.0598805719643866,0
simple,0.079651760951597,-0.0920413235381154,1.30766768874637,1
pfd,0.136580556064672,0.21511174874508,1.26625564437649,1
