// {"zmw_effect":["0.8"],"m_bin":[false],"z_bin":[false],"ay_effect":["NA"],"uz_effect":["NA"],"uw_effect":["NA"],"sample_sizes":["4000"],"save":[true],"outdir":["results/"],"n_bootstrap":[64],"n_datasets":[4],"n_dgps":[1],"dgp_start":[1],"dataset_start":[9]}
// {"ubeta":[-0.938],"mbeta":[1.0794,-0.0092,0.8,1.9676],"wbeta":[1.7787,0.6432,0.8,-1.7529],"abeta":[-1.1761,-1.2938,0.7481,-0.4636],"ybeta":[-0.4799,1.1098,1.7388,-1.1514,0.6067,-1.4978],"zbeta":[1.6328,-1.1933,1.5936],"cbeta":[-0.5115,0.2914],"sd_":[1],"true_effect":[1.1159]}
method,estimate,mean,width,coverage
truth,1.11591078413132,0,0,1
backdoor,-0.0767672497059133,-0.0811437769116052,0.202162356985099,1
naive,-1.13616950000549,-1.13453706825683,0.102827388161759,0
simple,-1.87994107580558,-1.85200545003715,0.700600691283779,0
pfd,-0.102205294691566,0.0302315290813564,1.15092366987334,1
