// {"uw_effect":["0.2"],"m_bin":[false],"z_bin":[false],"ay_effect":["NA"],"zmw_effect":["NA"],"uz_effect":["0.2"],"sample_sizes":["4000"],"save":[true],"n_bootstrap":[64],"n_datasets":[4],"n_dgps":[1],"dgp_start":[1],"dataset_start":[33],"outdir":["results/"]}
// {"ubeta":[-0.938],"mbeta":[1.0794,-0.0092,0.8705,1.9676],"wbeta":[1.7787,0.2,0.5165,-1.7529],"abeta":[-1.1761,-1.2938,0.7481,-0.4636],"ybeta":[-0.4799,1.1098,1.7388,-1.1514,0.6067,-1.4978],"zbeta":[1.6328,0.2,1.5936],"cbeta":[-0.5115,0.2914],"sd_":[1],"true_effect":[1.1175]}
method,estimate,mean,width,coverage
truth,1.11749393232826,0,0,1
backdoor,-0.070894061986903,-0.0643962926307839,0.207226030014971,1
naive,-1.10673741460377,-1.10340910417267,0.103232582453599,0
simple,-1.79116398958095,-1.78107420858326,0.256733341971834,0
pfd,-1.04378128811072,-0.976362238008526,1.20336804208307,0
