// {"ay_effect":["0.8"],"m_bin":[false],"z_bin":[false],"uz_effect":["NA"],"uw_effect":["NA"],"zmw_effect":["NA"],"sample_sizes":["4000"],"save":[true],"outdir":["results/"],"n_bootstrap":[64],"n_datasets":[1],"n_dgps":[1],"dgp_start":[3],"dataset_start":[10]}
// {"ubeta":[-1.3278],"mbeta":[1.4717,1.3188,-1.5542,0.8148],"wbeta":[-1.5015,-0.8216,0.3104,0.5239],"abeta":[0.0481,0.0201,0.1361,0.229],"ybeta":[1.59,0.8,-1.0872,-1.9387,-1.4841,-1.6265],"zbeta":[-0.6891,0.4084,0.4176],"cbeta":[1.2301,-0.4602],"sd_":[1],"true_effect":[-2.3644]}
method,estimate,mean,width,coverage
truth,-2.36440662767864,0,0,1
backdoor,0.0492553712913373,0.055715766227725,0.384454382398856,1
naive,-0.546138029387405,-0.557606181542396,0.26271717872684,0
simple,2.00159423968493,1.97218110376584,0.556997571754154,0
pfd,-0.000814441243088826,0.00574614718069544,0.436376599540711,1
