// {"zmw_effect":["0.2"],"ay_effect":["NA"],"uz_effect":["NA"],"uw_effect":["NA"],"sample_sizes":["4000"],"save":[true],"outdir":["results/"],"n_bootstrap":[64],"n_datasets":[4],"n_dgps":[1],"dgp_start":[2],"dataset_start":[49],"z_bin":[true],"m_bin":[true]}
// {"ubeta":[-1.2605],"mbeta":[-0.3789,1.4142,0.2,-1.0967],"wbeta":[-1.4834,1.3338,0.2,0.1999],"abeta":[0.2107,-1.0444,1.0421,-1.2767],"ybeta":[-0.2208,-1.7001,0.6476,-0.4498,1.3476,-1.398],"zbeta":[-1.3278,1.7754,1.7739],"cbeta":[0.8095,0.2933],"sd_":[1],"true_effect":[-1.7595]}
method,estimate,mean,width,coverage
truth,-1.75945783841273,0,0,1
backdoor,-0.0731832770142491,-0.0731238693446081,0.216402067358945,1
naive,1.46867986632252,1.46350584254053,0.170037812953846,0
simple,-0.214123883793733,-0.204275142967574,0.176745367148259,0
pfd,-0.106604283767257,-0.112728854956074,0.267004464986025,1
