// {"ay_effect":["0.8"],"m_bin":[false],"z_bin":[false],"uz_effect":["NA"],"uw_effect":["NA"],"zmw_effect":["NA"],"sample_sizes":["4000"],"save":[true],"outdir":["results/"],"n_bootstrap":[64],"n_datasets":[1],"n_dgps":[1],"dgp_start":[2],"dataset_start":[8]}
// {"ubeta":[-1.2605],"mbeta":[-0.3789,1.4142,1.9056,-1.0967],"wbeta":[-1.4834,1.3338,-0.1279,0.1999],"abeta":[0.2107,-1.0444,1.0421,-1.2767],"ybeta":[-0.2208,0.8,0.6476,-0.4498,1.3476,-1.398],"zbeta":[-1.3278,1.7754,1.7739],"cbeta":[0.8095,0.2933],"sd_":[1],"true_effect":[-0.0799]}
method,estimate,mean,width,coverage
truth,-0.079896237262246,0,0,1
backdoor,0.0400159221626362,0.0298335852224365,0.285184688516477,1
naive,-0.764920653180794,-0.767500050696629,0.191968226811373,0
simple,-0.735060292661316,-0.721135101708002,0.387746305172012,0
pfd,-0.0013571704521267,-0.0189299850431745,0.46173000643498,1
