// {"zmw_effect":["0"],"ay_effect":["NA"],"uz_effect":["NA"],"uw_effect":["NA"],"sample_sizes":["4000"],"save":[true],"outdir":["results/"],"n_bootstrap":[64],"n_datasets":[4],"n_dgps":[1],"dgp_start":[2],"dataset_start":[5],"z_bin":[true],"m_bin":[true]}
// {"ubeta":[-1.2605],"mbeta":[-0.3789,1.4142,0,-1.0967],"wbeta":[-1.4834,1.3338,0,0.1999],"abeta":[0.2107,-1.0444,1.0421,-1.2767],"ybeta":[-0.2208,-1.7001,0.6476,-0.4498,1.3476,-1.398],"zbeta":[-1.3278,1.7754,1.7739],"cbeta":[0.8095,0.2933],"sd_":[1],"true_effect":[-1.8492]}
method,estimate,mean,width,coverage
truth,-1.84921289141196,0,0,1
backdoor,0.101089257168089,0.0932742873604429,0.218111137506252,1
naive,1.55957941298492,1.56769866469995,0.132278422816019,0
simple,-0.0182405052402141,-0.0150825556940417,0.213389431592684,1
pfd,0.00520046264543694,-0.00830289549224705,0.261779651097089,1
