// {"zmw_effect":["0"],"ay_effect":["NA"],"uz_effect":["NA"],"uw_effect":["NA"],"sample_sizes":["4000"],"save":[true],"outdir":["results/"],"n_bootstrap":[64],"n_datasets":[4],"n_dgps":[1],"dgp_start":[3],"dataset_start":[37],"z_bin":[true],"m_bin":[true]}
// {"ubeta":[-1.3278],"mbeta":[1.4717,1.3188,0,0.8148],"wbeta":[-1.5015,-0.8216,0,0.5239],"abeta":[0.0481,0.0201,0.1361,0.229],"ybeta":[1.59,-0.8811,-1.0872,-1.9387,-1.4841,-1.6265],"zbeta":[-0.6891,0.4084,0.4176],"cbeta":[1.2301,-0.4602],"sd_":[1],"true_effect":[-1.1309]}
method,estimate,mean,width,coverage
truth,-1.13086623608894,0,0,1
backdoor,0.0852159940705299,0.0984805977182297,0.235157138006564,1
naive,1.02458180439412,1.02644501300072,0.0677675097054224,0
simple,0.0855560224852496,0.0879969079296539,0.233766540840061,1
pfd,0.117666428959186,0.106897598043642,0.28194200758059,1
