// {"ay_effect":["0.4"],"m_bin":[false],"z_bin":[false],"uz_effect":["NA"],"uw_effect":["NA"],"zmw_effect":["NA"],"sample_sizes":["4000"],"save":[true],"outdir":["results/"],"n_bootstrap":[64],"n_datasets":[1],"n_dgps":[1],"dgp_start":[1],"dataset_start":[57]}
// {"ubeta":[-0.938],"mbeta":[1.0794,-0.0092,0.8705,1.9676],"wbeta":[1.7787,0.6432,0.5165,-1.7529],"abeta":[-1.1761,-1.2938,0.7481,-0.4636],"ybeta":[-0.4799,0.4,1.7388,-1.1514,0.6067,-1.4978],"zbeta":[1.6328,-1.1933,1.5936],"cbeta":[-0.5115,0.2914],"sd_":[1],"true_effect":[0.4077]}
method,estimate,mean,width,coverage
truth,0.407713047049083,0,0,1
backdoor,-0.0553129147022926,-0.073207769038223,0.220808141865943,1
naive,-0.365286924747456,-0.367410678507195,0.101033518012897,0
simple,-3.73431721078237,-3.64665477774457,1.47042916141615,0
pfd,-0.129101915428781,-0.13638676146957,0.772100425830707,1
