// {"zmw_effect":["0.2"],"m_bin":[false],"z_bin":[false],"ay_effect":["NA"],"uz_effect":["NA"],"uw_effect":["NA"],"sample_sizes":["4000"],"save":[true],"outdir":["results/"],"n_bootstrap":[64],"n_datasets":[4],"n_dgps":[1],"dgp_start":[2],"dataset_start":[13]}
// {"ubeta":[-1.2605],"mbeta":[-0.3789,1.4142,0.2,-1.0967],"wbeta":[-1.4834,1.3338,0.2,0.1999],"abeta":[0.2107,-1.0444,1.0421,-1.2767],"ybeta":[-0.2208,-1.7001,0.6476,-0.4498,1.3476,-1.398],"zbeta":[-1.3278,1.7754,1.7739],"cbeta":[0.8095,0.2933],"sd_":[1],"true_effect":[-1.955]}
method,estimate,mean,width,coverage
truth,-1.9550479938403,0,0,1
backdoor,0.1489018997844,0.153166224561504,0.317648329044992,0
naive,1.13886405486748,1.15117583058677,0.183779543980467,0
simple,-0.494843204236492,-0.501137955611326,0.19184716058237,0
pfd,-0.0238202472855849,-0.046363830245145,0.331177415993342,1
